-2.0,0
-1.985,0
-1.97,0
-1.955,0
-1.94,0
-1.925,0
-1.91,0
-1.895,0
-1.88,0
-1.865,0
-1.85,0
-1.835,0
-1.82,0
-1.805,0
-1.79,0
-1.775,0
-1.76,0
-1.745,0
-1.73,0
-1.715,0
-1.7,0
-1.685,0
-1.67,0
-1.655,0
-1.64,0
-1.625,0
-1.61,0
-1.595,0
-1.58,0
-1.565,0
-1.55,0
-1.535,0
-1.52,0
-1.505,0
-1.49,0
-1.475,0
-1.46,0
-1.445,0
-1.43,0
-1.415,0
-1.4,0
-1.385,0
-1.37,0
-1.355,-0.03
-1.355,-0.015
-1.355,0
-1.355,0.015
-1.355,0.03
-1.34,-0.045
-1.34,-0.03
-1.34,-0.015
-1.34,0
-1.34,0.015
-1.34,0.03
-1.34,0.045
-1.325,-0.045
-1.325,-0.03
-1.325,-0.015
-1.325,0
-1.325,0.015
-1.325,0.03
-1.325,0.045
-1.31,-0.06
-1.31,-0.045
-1.31,-0.03
-1.31,-0.015
-1.31,0
-1.31,0.015
-1.31,0.03
-1.31,0.045
-1.31,0.06
-1.295,-0.06
-1.295,-0.045
-1.295,-0.03
-1.295,-0.015
-1.295,0
-1.295,0.015
-1.295,0.03
-1.295,0.045
-1.295,0.06
-1.28,-0.045
-1.28,-0.03
-1.28,-0.015
-1.28,0
-1.28,0.015
-1.28,0.03
-1.28,0.045
-1.265,-0.03
-1.265,-0.015
-1.265,0
-1.265,0.015
-1.265,0.03
-1.25,0
-1.235,-0.075
-1.235,-0.06
-1.235,-0.045
-1.235,-0.03
-1.235,-0.015
-1.235,0
-1.235,0.015
-1.235,0.03
-1.235,0.045
-1.235,0.06
-1.235,0.075
-1.22,-0.15
-1.22,-0.105
-1.22,-0.09
-1.22,-0.075
-1.22,-0.06
-1.22,-0.045
-1.22,-0.03
-1.22,-0.015
-1.22,0
-1.22,0.015
-1.22,0.03
-1.22,0.045
-1.22,0.06
-1.22,0.075
-1.22,0.09
-1.22,0.105
-1.22,0.15
-1.205,-0.15
-1.205,-0.135
-1.205,-0.12
-1.205,-0.105
-1.205,-0.09
-1.205,-0.075
-1.205,-0.06
-1.205,-0.045
-1.205,-0.03
-1.205,-0.015
-1.205,0
-1.205,0.015
-1.205,0.03
-1.205,0.045
-1.205,0.06
-1.205,0.075
-1.205,0.09
-1.205,0.105
-1.205,0.12
-1.205,0.135
-1.205,0.15
-1.19,-0.15
-1.19,-0.135
-1.19,-0.12
-1.19,-0.105
-1.19,-0.09
-1.19,-0.075
-1.19,-0.06
-1.19,-0.045
-1.19,-0.03
-1.19,-0.015
-1.19,0
-1.19,0.015
-1.19,0.03
-1.19,0.045
-1.19,0.06
-1.19,0.075
-1.19,0.09
-1.19,0.105
-1.19,0.12
-1.19,0.135
-1.19,0.15
-1.175,-0.165
-1.175,-0.15
-1.175,-0.135
-1.175,-0.12
-1.175,-0.105
-1.175,-0.09
-1.175,-0.075
-1.175,-0.06
-1.175,-0.045
-1.175,-0.03
-1.175,-0.015
-1.175,0
-1.175,0.015
-1.175,0.03
-1.175,0.045
-1.175,0.06
-1.175,0.075
-1.175,0.09
-1.175,0.105
-1.175,0.12
-1.175,0.135
-1.175,0.15
-1.175,0.165
-1.16,-0.24
-1.16,-0.225
-1.16,-0.18
-1.16,-0.165
-1.16,-0.15
-1.16,-0.135
-1.16,-0.12
-1.16,-0.105
-1.16,-0.09
-1.16,-0.075
-1.16,-0.06
-1.16,-0.045
-1.16,-0.03
-1.16,-0.015
-1.16,0
-1.16,0.015
-1.16,0.03
-1.16,0.045
-1.16,0.06
-1.16,0.075
-1.16,0.09
-1.16,0.105
-1.16,0.12
-1.16,0.135
-1.16,0.15
-1.16,0.165
-1.16,0.18
-1.16,0.225
-1.16,0.24
-1.145,-0.255
-1.145,-0.24
-1.145,-0.225
-1.145,-0.195
-1.145,-0.18
-1.145,-0.165
-1.145,-0.15
-1.145,-0.135
-1.145,-0.12
-1.145,-0.105
-1.145,-0.09
-1.145,-0.075
-1.145,-0.06
-1.145,-0.045
-1.145,-0.03
-1.145,-0.015
-1.145,0
-1.145,0.015
-1.145,0.03
-1.145,0.045
-1.145,0.06
-1.145,0.075
-1.145,0.09
-1.145,0.105
-1.145,0.12
-1.145,0.135
-1.145,0.15
-1.145,0.165
-1.145,0.18
-1.145,0.195
-1.145,0.225
-1.145,0.24
-1.145,0.255
-1.13,-0.255
-1.13,-0.24
-1.13,-0.225
-1.13,-0.21
-1.13,-0.195
-1.13,-0.18
-1.13,-0.165
-1.13,-0.15
-1.13,-0.135
-1.13,-0.12
-1.13,-0.105
-1.13,-0.09
-1.13,-0.075
-1.13,-0.06
-1.13,-0.045
-1.13,-0.03
-1.13,-0.015
-1.13,0
-1.13,0.015
-1.13,0.03
-1.13,0.045
-1.13,0.06
-1.13,0.075
-1.13,0.09
-1.13,0.105
-1.13,0.12
-1.13,0.135
-1.13,0.15
-1.13,0.165
-1.13,0.18
-1.13,0.195
-1.13,0.21
-1.13,0.225
-1.13,0.24
-1.13,0.255
-1.115,-0.24
-1.115,-0.21
-1.115,-0.195
-1.115,-0.18
-1.115,-0.165
-1.115,-0.15
-1.115,-0.135
-1.115,-0.12
-1.115,-0.105
-1.115,-0.09
-1.115,-0.075
-1.115,-0.06
-1.115,-0.045
-1.115,-0.03
-1.115,-0.015
-1.115,0
-1.115,0.015
-1.115,0.03
-1.115,0.045
-1.115,0.06
-1.115,0.075
-1.115,0.09
-1.115,0.105
-1.115,0.12
-1.115,0.135
-1.115,0.15
-1.115,0.165
-1.115,0.18
-1.115,0.195
-1.115,0.21
-1.115,0.24
-1.1,-0.225
-1.1,-0.21
-1.1,-0.195
-1.1,-0.18
-1.1,-0.165
-1.1,-0.15
-1.1,-0.135
-1.1,-0.12
-1.1,-0.105
-1.1,-0.09
-1.1,-0.075
-1.1,-0.06
-1.1,-0.045
-1.1,-0.03
-1.1,-0.015
-1.1,0
-1.1,0.015
-1.1,0.03
-1.1,0.045
-1.1,0.06
-1.1,0.075
-1.1,0.09
-1.1,0.105
-1.1,0.12
-1.1,0.135
-1.1,0.15
-1.1,0.165
-1.1,0.18
-1.1,0.195
-1.1,0.21
-1.1,0.225
-1.085,-0.225
-1.085,-0.21
-1.085,-0.195
-1.085,-0.18
-1.085,-0.165
-1.085,-0.15
-1.085,-0.135
-1.085,-0.12
-1.085,-0.105
-1.085,-0.09
-1.085,-0.075
-1.085,-0.06
-1.085,-0.045
-1.085,-0.03
-1.085,-0.015
-1.085,0
-1.085,0.015
-1.085,0.03
-1.085,0.045
-1.085,0.06
-1.085,0.075
-1.085,0.09
-1.085,0.105
-1.085,0.12
-1.085,0.135
-1.085,0.15
-1.085,0.165
-1.085,0.18
-1.085,0.195
-1.085,0.21
-1.085,0.225
-1.07,-0.24
-1.07,-0.225
-1.07,-0.21
-1.07,-0.195
-1.07,-0.18
-1.07,-0.165
-1.07,-0.15
-1.07,-0.135
-1.07,-0.12
-1.07,-0.105
-1.07,-0.09
-1.07,-0.075
-1.07,-0.06
-1.07,-0.045
-1.07,-0.03
-1.07,-0.015
-1.07,0
-1.07,0.015
-1.07,0.03
-1.07,0.045
-1.07,0.06
-1.07,0.075
-1.07,0.09
-1.07,0.105
-1.07,0.12
-1.07,0.135
-1.07,0.15
-1.07,0.165
-1.07,0.18
-1.07,0.195
-1.07,0.21
-1.07,0.225
-1.07,0.24
-1.055,-0.24
-1.055,-0.225
-1.055,-0.21
-1.055,-0.195
-1.055,-0.18
-1.055,-0.165
-1.055,-0.15
-1.055,-0.135
-1.055,-0.12
-1.055,-0.105
-1.055,-0.09
-1.055,-0.075
-1.055,-0.06
-1.055,-0.045
-1.055,-0.03
-1.055,-0.015
-1.055,0
-1.055,0.015
-1.055,0.03
-1.055,0.045
-1.055,0.06
-1.055,0.075
-1.055,0.09
-1.055,0.105
-1.055,0.12
-1.055,0.135
-1.055,0.15
-1.055,0.165
-1.055,0.18
-1.055,0.195
-1.055,0.21
-1.055,0.225
-1.055,0.24
-1.04,-0.24
-1.04,-0.225
-1.04,-0.21
-1.04,-0.195
-1.04,-0.18
-1.04,-0.165
-1.04,-0.15
-1.04,-0.135
-1.04,-0.12
-1.04,-0.105
-1.04,-0.09
-1.04,-0.075
-1.04,-0.06
-1.04,-0.045
-1.04,-0.03
-1.04,-0.015
-1.04,0
-1.04,0.015
-1.04,0.03
-1.04,0.045
-1.04,0.06
-1.04,0.075
-1.04,0.09
-1.04,0.105
-1.04,0.12
-1.04,0.135
-1.04,0.15
-1.04,0.165
-1.04,0.18
-1.04,0.195
-1.04,0.21
-1.04,0.225
-1.04,0.24
-1.025,-0.24
-1.025,-0.225
-1.025,-0.21
-1.025,-0.195
-1.025,-0.18
-1.025,-0.165
-1.025,-0.15
-1.025,-0.135
-1.025,-0.12
-1.025,-0.105
-1.025,-0.09
-1.025,-0.075
-1.025,-0.06
-1.025,-0.045
-1.025,-0.03
-1.025,-0.015
-1.025,0
-1.025,0.015
-1.025,0.03
-1.025,0.045
-1.025,0.06
-1.025,0.075
-1.025,0.09
-1.025,0.105
-1.025,0.12
-1.025,0.135
-1.025,0.15
-1.025,0.165
-1.025,0.18
-1.025,0.195
-1.025,0.21
-1.025,0.225
-1.025,0.24
-1.01,-0.27
-1.01,-0.255
-1.01,-0.24
-1.01,-0.225
-1.01,-0.21
-1.01,-0.195
-1.01,-0.18
-1.01,-0.165
-1.01,-0.15
-1.01,-0.135
-1.01,-0.12
-1.01,-0.105
-1.01,-0.09
-1.01,-0.075
-1.01,-0.06
-1.01,-0.045
-1.01,-0.03
-1.01,-0.015
-1.01,0
-1.01,0.015
-1.01,0.03
-1.01,0.045
-1.01,0.06
-1.01,0.075
-1.01,0.09
-1.01,0.105
-1.01,0.12
-1.01,0.135
-1.01,0.15
-1.01,0.165
-1.01,0.18
-1.01,0.195
-1.01,0.21
-1.01,0.225
-1.01,0.24
-1.01,0.255
-1.01,0.27
-0.995,-0.285
-0.995,-0.27
-0.995,-0.255
-0.995,-0.24
-0.995,-0.225
-0.995,-0.21
-0.995,-0.195
-0.995,-0.18
-0.995,-0.165
-0.995,-0.15
-0.995,-0.135
-0.995,-0.12
-0.995,-0.105
-0.995,-0.09
-0.995,-0.075
-0.995,-0.06
-0.995,-0.045
-0.995,-0.03
-0.995,-0.015
-0.995,0
-0.995,0.015
-0.995,0.03
-0.995,0.045
-0.995,0.06
-0.995,0.075
-0.995,0.09
-0.995,0.105
-0.995,0.12
-0.995,0.135
-0.995,0.15
-0.995,0.165
-0.995,0.18
-0.995,0.195
-0.995,0.21
-0.995,0.225
-0.995,0.24
-0.995,0.255
-0.995,0.27
-0.995,0.285
-0.98,-0.24
-0.98,-0.225
-0.98,-0.21
-0.98,-0.195
-0.98,-0.18
-0.98,-0.165
-0.98,-0.15
-0.98,-0.135
-0.98,-0.12
-0.98,-0.105
-0.98,-0.09
-0.98,-0.075
-0.98,-0.06
-0.98,-0.045
-0.98,-0.03
-0.98,-0.015
-0.98,0
-0.98,0.015
-0.98,0.03
-0.98,0.045
-0.98,0.06
-0.98,0.075
-0.98,0.09
-0.98,0.105
-0.98,0.12
-0.98,0.135
-0.98,0.15
-0.98,0.165
-0.98,0.18
-0.98,0.195
-0.98,0.21
-0.98,0.225
-0.98,0.24
-0.965,-0.24
-0.965,-0.225
-0.965,-0.21
-0.965,-0.195
-0.965,-0.18
-0.965,-0.165
-0.965,-0.15
-0.965,-0.135
-0.965,-0.12
-0.965,-0.105
-0.965,-0.09
-0.965,-0.075
-0.965,-0.06
-0.965,-0.045
-0.965,-0.03
-0.965,-0.015
-0.965,0
-0.965,0.015
-0.965,0.03
-0.965,0.045
-0.965,0.06
-0.965,0.075
-0.965,0.09
-0.965,0.105
-0.965,0.12
-0.965,0.135
-0.965,0.15
-0.965,0.165
-0.965,0.18
-0.965,0.195
-0.965,0.21
-0.965,0.225
-0.965,0.24
-0.95,-0.24
-0.95,-0.225
-0.95,-0.21
-0.95,-0.195
-0.95,-0.18
-0.95,-0.165
-0.95,-0.15
-0.95,-0.135
-0.95,-0.12
-0.95,-0.105
-0.95,-0.09
-0.95,-0.075
-0.95,-0.06
-0.95,-0.045
-0.95,-0.03
-0.95,-0.015
-0.95,0
-0.95,0.015
-0.95,0.03
-0.95,0.045
-0.95,0.06
-0.95,0.075
-0.95,0.09
-0.95,0.105
-0.95,0.12
-0.95,0.135
-0.95,0.15
-0.95,0.165
-0.95,0.18
-0.95,0.195
-0.95,0.21
-0.95,0.225
-0.95,0.24
-0.935,-0.24
-0.935,-0.225
-0.935,-0.21
-0.935,-0.195
-0.935,-0.18
-0.935,-0.165
-0.935,-0.15
-0.935,-0.135
-0.935,-0.12
-0.935,-0.105
-0.935,-0.09
-0.935,-0.075
-0.935,-0.06
-0.935,-0.045
-0.935,-0.03
-0.935,-0.015
-0.935,0
-0.935,0.015
-0.935,0.03
-0.935,0.045
-0.935,0.06
-0.935,0.075
-0.935,0.09
-0.935,0.105
-0.935,0.12
-0.935,0.135
-0.935,0.15
-0.935,0.165
-0.935,0.18
-0.935,0.195
-0.935,0.21
-0.935,0.225
-0.935,0.24
-0.92,-0.255
-0.92,-0.24
-0.92,-0.225
-0.92,-0.21
-0.92,-0.195
-0.92,-0.18
-0.92,-0.165
-0.92,-0.15
-0.92,-0.135
-0.92,-0.12
-0.92,-0.105
-0.92,-0.09
-0.92,-0.075
-0.92,-0.06
-0.92,-0.045
-0.92,-0.03
-0.92,-0.015
-0.92,0
-0.92,0.015
-0.92,0.03
-0.92,0.045
-0.92,0.06
-0.92,0.075
-0.92,0.09
-0.92,0.105
-0.92,0.12
-0.92,0.135
-0.92,0.15
-0.92,0.165
-0.92,0.18
-0.92,0.195
-0.92,0.21
-0.92,0.225
-0.92,0.24
-0.92,0.255
-0.905,-0.225
-0.905,-0.21
-0.905,-0.195
-0.905,-0.18
-0.905,-0.165
-0.905,-0.15
-0.905,-0.135
-0.905,-0.12
-0.905,-0.105
-0.905,-0.09
-0.905,-0.075
-0.905,-0.06
-0.905,-0.045
-0.905,-0.03
-0.905,-0.015
-0.905,0
-0.905,0.015
-0.905,0.03
-0.905,0.045
-0.905,0.06
-0.905,0.075
-0.905,0.09
-0.905,0.105
-0.905,0.12
-0.905,0.135
-0.905,0.15
-0.905,0.165
-0.905,0.18
-0.905,0.195
-0.905,0.21
-0.905,0.225
-0.89,-0.21
-0.89,-0.195
-0.89,-0.18
-0.89,-0.165
-0.89,-0.15
-0.89,-0.135
-0.89,-0.12
-0.89,-0.105
-0.89,-0.09
-0.89,-0.075
-0.89,-0.06
-0.89,-0.045
-0.89,-0.03
-0.89,-0.015
-0.89,0
-0.89,0.015
-0.89,0.03
-0.89,0.045
-0.89,0.06
-0.89,0.075
-0.89,0.09
-0.89,0.105
-0.89,0.12
-0.89,0.135
-0.89,0.15
-0.89,0.165
-0.89,0.18
-0.89,0.195
-0.89,0.21
-0.875,-0.225
-0.875,-0.21
-0.875,-0.195
-0.875,-0.18
-0.875,-0.165
-0.875,-0.15
-0.875,-0.135
-0.875,-0.12
-0.875,-0.105
-0.875,-0.09
-0.875,-0.075
-0.875,-0.06
-0.875,-0.045
-0.875,-0.03
-0.875,-0.015
-0.875,0
-0.875,0.015
-0.875,0.03
-0.875,0.045
-0.875,0.06
-0.875,0.075
-0.875,0.09
-0.875,0.105
-0.875,0.12
-0.875,0.135
-0.875,0.15
-0.875,0.165
-0.875,0.18
-0.875,0.195
-0.875,0.21
-0.875,0.225
-0.86,-0.195
-0.86,-0.18
-0.86,-0.165
-0.86,-0.15
-0.86,-0.135
-0.86,-0.12
-0.86,-0.105
-0.86,-0.09
-0.86,-0.075
-0.86,-0.06
-0.86,-0.045
-0.86,-0.03
-0.86,-0.015
-0.86,0
-0.86,0.015
-0.86,0.03
-0.86,0.045
-0.86,0.06
-0.86,0.075
-0.86,0.09
-0.86,0.105
-0.86,0.12
-0.86,0.135
-0.86,0.15
-0.86,0.165
-0.86,0.18
-0.86,0.195
-0.845,-0.195
-0.845,-0.18
-0.845,-0.165
-0.845,-0.15
-0.845,-0.135
-0.845,-0.12
-0.845,-0.105
-0.845,-0.09
-0.845,-0.075
-0.845,-0.06
-0.845,-0.045
-0.845,-0.03
-0.845,-0.015
-0.845,0
-0.845,0.015
-0.845,0.03
-0.845,0.045
-0.845,0.06
-0.845,0.075
-0.845,0.09
-0.845,0.105
-0.845,0.12
-0.845,0.135
-0.845,0.15
-0.845,0.165
-0.845,0.18
-0.845,0.195
-0.83,-0.18
-0.83,-0.165
-0.83,-0.15
-0.83,-0.135
-0.83,-0.12
-0.83,-0.105
-0.83,-0.09
-0.83,-0.075
-0.83,-0.06
-0.83,-0.045
-0.83,-0.03
-0.83,-0.015
-0.83,0
-0.83,0.015
-0.83,0.03
-0.83,0.045
-0.83,0.06
-0.83,0.075
-0.83,0.09
-0.83,0.105
-0.83,0.12
-0.83,0.135
-0.83,0.15
-0.83,0.165
-0.83,0.18
-0.815,-0.165
-0.815,-0.15
-0.815,-0.135
-0.815,-0.12
-0.815,-0.105
-0.815,-0.09
-0.815,-0.075
-0.815,-0.06
-0.815,-0.045
-0.815,-0.03
-0.815,-0.015
-0.815,0
-0.815,0.015
-0.815,0.03
-0.815,0.045
-0.815,0.06
-0.815,0.075
-0.815,0.09
-0.815,0.105
-0.815,0.12
-0.815,0.135
-0.815,0.15
-0.815,0.165
-0.8,-0.15
-0.8,-0.135
-0.8,-0.12
-0.8,-0.105
-0.8,-0.09
-0.8,-0.075
-0.8,-0.06
-0.8,-0.045
-0.8,-0.03
-0.8,-0.015
-0.8,0
-0.8,0.015
-0.8,0.03
-0.8,0.045
-0.8,0.06
-0.8,0.075
-0.8,0.09
-0.8,0.105
-0.8,0.12
-0.8,0.135
-0.8,0.15
-0.785,-0.12
-0.785,-0.105
-0.785,-0.09
-0.785,-0.075
-0.785,-0.06
-0.785,-0.045
-0.785,-0.03
-0.785,-0.015
-0.785,0
-0.785,0.015
-0.785,0.03
-0.785,0.045
-0.785,0.06
-0.785,0.075
-0.785,0.09
-0.785,0.105
-0.785,0.12
-0.77,-0.09
-0.77,-0.075
-0.77,-0.06
-0.77,-0.045
-0.77,-0.03
-0.77,-0.015
-0.77,0
-0.77,0.015
-0.77,0.03
-0.77,0.045
-0.77,0.06
-0.77,0.075
-0.77,0.09
-0.755,-0.045
-0.755,-0.03
-0.755,-0.015
-0.755,0
-0.755,0.015
-0.755,0.03
-0.755,0.045
-0.74,-0.105
-0.74,-0.09
-0.74,-0.075
-0.74,-0.06
-0.74,-0.045
-0.74,-0.03
-0.74,-0.015
-0.74,0
-0.74,0.015
-0.74,0.03
-0.74,0.045
-0.74,0.06
-0.74,0.075
-0.74,0.09
-0.74,0.105
-0.725,-0.21
-0.725,-0.18
-0.725,-0.165
-0.725,-0.15
-0.725,-0.135
-0.725,-0.12
-0.725,-0.105
-0.725,-0.09
-0.725,-0.075
-0.725,-0.06
-0.725,-0.045
-0.725,-0.03
-0.725,-0.015
-0.725,0
-0.725,0.015
-0.725,0.03
-0.725,0.045
-0.725,0.06
-0.725,0.075
-0.725,0.09
-0.725,0.105
-0.725,0.12
-0.725,0.135
-0.725,0.15
-0.725,0.165
-0.725,0.18
-0.725,0.21
-0.71,-0.24
-0.71,-0.225
-0.71,-0.21
-0.71,-0.195
-0.71,-0.18
-0.71,-0.165
-0.71,-0.15
-0.71,-0.135
-0.71,-0.12
-0.71,-0.105
-0.71,-0.09
-0.71,-0.075
-0.71,-0.06
-0.71,-0.045
-0.71,-0.03
-0.71,-0.015
-0.71,0
-0.71,0.015
-0.71,0.03
-0.71,0.045
-0.71,0.06
-0.71,0.075
-0.71,0.09
-0.71,0.105
-0.71,0.12
-0.71,0.135
-0.71,0.15
-0.71,0.165
-0.71,0.18
-0.71,0.195
-0.71,0.21
-0.71,0.225
-0.71,0.24
-0.695,-0.285
-0.695,-0.255
-0.695,-0.24
-0.695,-0.225
-0.695,-0.21
-0.695,-0.195
-0.695,-0.18
-0.695,-0.165
-0.695,-0.15
-0.695,-0.135
-0.695,-0.12
-0.695,-0.105
-0.695,-0.09
-0.695,-0.075
-0.695,-0.06
-0.695,-0.045
-0.695,-0.03
-0.695,-0.015
-0.695,0
-0.695,0.015
-0.695,0.03
-0.695,0.045
-0.695,0.06
-0.695,0.075
-0.695,0.09
-0.695,0.105
-0.695,0.12
-0.695,0.135
-0.695,0.15
-0.695,0.165
-0.695,0.18
-0.695,0.195
-0.695,0.21
-0.695,0.225
-0.695,0.24
-0.695,0.255
-0.695,0.285
-0.68,-0.345
-0.68,-0.33
-0.68,-0.3
-0.68,-0.285
-0.68,-0.27
-0.68,-0.255
-0.68,-0.24
-0.68,-0.225
-0.68,-0.21
-0.68,-0.195
-0.68,-0.18
-0.68,-0.165
-0.68,-0.15
-0.68,-0.135
-0.68,-0.12
-0.68,-0.105
-0.68,-0.09
-0.68,-0.075
-0.68,-0.06
-0.68,-0.045
-0.68,-0.03
-0.68,-0.015
-0.68,0
-0.68,0.015
-0.68,0.03
-0.68,0.045
-0.68,0.06
-0.68,0.075
-0.68,0.09
-0.68,0.105
-0.68,0.12
-0.68,0.135
-0.68,0.15
-0.68,0.165
-0.68,0.18
-0.68,0.195
-0.68,0.21
-0.68,0.225
-0.68,0.24
-0.68,0.255
-0.68,0.27
-0.68,0.285
-0.68,0.3
-0.68,0.33
-0.68,0.345
-0.665,-0.345
-0.665,-0.33
-0.665,-0.315
-0.665,-0.3
-0.665,-0.285
-0.665,-0.27
-0.665,-0.255
-0.665,-0.24
-0.665,-0.225
-0.665,-0.21
-0.665,-0.195
-0.665,-0.18
-0.665,-0.165
-0.665,-0.15
-0.665,-0.135
-0.665,-0.12
-0.665,-0.105
-0.665,-0.09
-0.665,-0.075
-0.665,-0.06
-0.665,-0.045
-0.665,-0.03
-0.665,-0.015
-0.665,0
-0.665,0.015
-0.665,0.03
-0.665,0.045
-0.665,0.06
-0.665,0.075
-0.665,0.09
-0.665,0.105
-0.665,0.12
-0.665,0.135
-0.665,0.15
-0.665,0.165
-0.665,0.18
-0.665,0.195
-0.665,0.21
-0.665,0.225
-0.665,0.24
-0.665,0.255
-0.665,0.27
-0.665,0.285
-0.665,0.3
-0.665,0.315
-0.665,0.33
-0.665,0.345
-0.65,-0.345
-0.65,-0.33
-0.65,-0.315
-0.65,-0.3
-0.65,-0.285
-0.65,-0.27
-0.65,-0.255
-0.65,-0.24
-0.65,-0.225
-0.65,-0.21
-0.65,-0.195
-0.65,-0.18
-0.65,-0.165
-0.65,-0.15
-0.65,-0.135
-0.65,-0.12
-0.65,-0.105
-0.65,-0.09
-0.65,-0.075
-0.65,-0.06
-0.65,-0.045
-0.65,-0.03
-0.65,-0.015
-0.65,0
-0.65,0.015
-0.65,0.03
-0.65,0.045
-0.65,0.06
-0.65,0.075
-0.65,0.09
-0.65,0.105
-0.65,0.12
-0.65,0.135
-0.65,0.15
-0.65,0.165
-0.65,0.18
-0.65,0.195
-0.65,0.21
-0.65,0.225
-0.65,0.24
-0.65,0.255
-0.65,0.27
-0.65,0.285
-0.65,0.3
-0.65,0.315
-0.65,0.33
-0.65,0.345
-0.635,-0.435
-0.635,-0.42
-0.635,-0.36
-0.635,-0.345
-0.635,-0.33
-0.635,-0.315
-0.635,-0.3
-0.635,-0.285
-0.635,-0.27
-0.635,-0.255
-0.635,-0.24
-0.635,-0.225
-0.635,-0.21
-0.635,-0.195
-0.635,-0.18
-0.635,-0.165
-0.635,-0.15
-0.635,-0.135
-0.635,-0.12
-0.635,-0.105
-0.635,-0.09
-0.635,-0.075
-0.635,-0.06
-0.635,-0.045
-0.635,-0.03
-0.635,-0.015
-0.635,0
-0.635,0.015
-0.635,0.03
-0.635,0.045
-0.635,0.06
-0.635,0.075
-0.635,0.09
-0.635,0.105
-0.635,0.12
-0.635,0.135
-0.635,0.15
-0.635,0.165
-0.635,0.18
-0.635,0.195
-0.635,0.21
-0.635,0.225
-0.635,0.24
-0.635,0.255
-0.635,0.27
-0.635,0.285
-0.635,0.3
-0.635,0.315
-0.635,0.33
-0.635,0.345
-0.635,0.36
-0.635,0.42
-0.635,0.435
-0.62,-0.45
-0.62,-0.435
-0.62,-0.42
-0.62,-0.405
-0.62,-0.39
-0.62,-0.375
-0.62,-0.36
-0.62,-0.345
-0.62,-0.33
-0.62,-0.315
-0.62,-0.3
-0.62,-0.285
-0.62,-0.27
-0.62,-0.255
-0.62,-0.24
-0.62,-0.225
-0.62,-0.21
-0.62,-0.195
-0.62,-0.18
-0.62,-0.165
-0.62,-0.15
-0.62,-0.135
-0.62,-0.12
-0.62,-0.105
-0.62,-0.09
-0.62,-0.075
-0.62,-0.06
-0.62,-0.045
-0.62,-0.03
-0.62,-0.015
-0.62,0
-0.62,0.015
-0.62,0.03
-0.62,0.045
-0.62,0.06
-0.62,0.075
-0.62,0.09
-0.62,0.105
-0.62,0.12
-0.62,0.135
-0.62,0.15
-0.62,0.165
-0.62,0.18
-0.62,0.195
-0.62,0.21
-0.62,0.225
-0.62,0.24
-0.62,0.255
-0.62,0.27
-0.62,0.285
-0.62,0.3
-0.62,0.315
-0.62,0.33
-0.62,0.345
-0.62,0.36
-0.62,0.375
-0.62,0.39
-0.62,0.405
-0.62,0.42
-0.62,0.435
-0.62,0.45
-0.605,-0.435
-0.605,-0.42
-0.605,-0.405
-0.605,-0.39
-0.605,-0.375
-0.605,-0.36
-0.605,-0.345
-0.605,-0.33
-0.605,-0.315
-0.605,-0.3
-0.605,-0.285
-0.605,-0.27
-0.605,-0.255
-0.605,-0.24
-0.605,-0.225
-0.605,-0.21
-0.605,-0.195
-0.605,-0.18
-0.605,-0.165
-0.605,-0.15
-0.605,-0.135
-0.605,-0.12
-0.605,-0.105
-0.605,-0.09
-0.605,-0.075
-0.605,-0.06
-0.605,-0.045
-0.605,-0.03
-0.605,-0.015
-0.605,0
-0.605,0.015
-0.605,0.03
-0.605,0.045
-0.605,0.06
-0.605,0.075
-0.605,0.09
-0.605,0.105
-0.605,0.12
-0.605,0.135
-0.605,0.15
-0.605,0.165
-0.605,0.18
-0.605,0.195
-0.605,0.21
-0.605,0.225
-0.605,0.24
-0.605,0.255
-0.605,0.27
-0.605,0.285
-0.605,0.3
-0.605,0.315
-0.605,0.33
-0.605,0.345
-0.605,0.36
-0.605,0.375
-0.605,0.39
-0.605,0.405
-0.605,0.42
-0.605,0.435
-0.59,-0.42
-0.59,-0.405
-0.59,-0.39
-0.59,-0.375
-0.59,-0.36
-0.59,-0.345
-0.59,-0.33
-0.59,-0.315
-0.59,-0.3
-0.59,-0.285
-0.59,-0.27
-0.59,-0.255
-0.59,-0.24
-0.59,-0.225
-0.59,-0.21
-0.59,-0.195
-0.59,-0.18
-0.59,-0.165
-0.59,-0.15
-0.59,-0.135
-0.59,-0.12
-0.59,-0.105
-0.59,-0.09
-0.59,-0.075
-0.59,-0.06
-0.59,-0.045
-0.59,-0.03
-0.59,-0.015
-0.59,0
-0.59,0.015
-0.59,0.03
-0.59,0.045
-0.59,0.06
-0.59,0.075
-0.59,0.09
-0.59,0.105
-0.59,0.12
-0.59,0.135
-0.59,0.15
-0.59,0.165
-0.59,0.18
-0.59,0.195
-0.59,0.21
-0.59,0.225
-0.59,0.24
-0.59,0.255
-0.59,0.27
-0.59,0.285
-0.59,0.3
-0.59,0.315
-0.59,0.33
-0.59,0.345
-0.59,0.36
-0.59,0.375
-0.59,0.39
-0.59,0.405
-0.59,0.42
-0.575,-0.435
-0.575,-0.42
-0.575,-0.405
-0.575,-0.39
-0.575,-0.375
-0.575,-0.36
-0.575,-0.345
-0.575,-0.33
-0.575,-0.315
-0.575,-0.3
-0.575,-0.285
-0.575,-0.27
-0.575,-0.255
-0.575,-0.24
-0.575,-0.225
-0.575,-0.21
-0.575,-0.195
-0.575,-0.18
-0.575,-0.165
-0.575,-0.15
-0.575,-0.135
-0.575,-0.12
-0.575,-0.105
-0.575,-0.09
-0.575,-0.075
-0.575,-0.06
-0.575,-0.045
-0.575,-0.03
-0.575,-0.015
-0.575,0
-0.575,0.015
-0.575,0.03
-0.575,0.045
-0.575,0.06
-0.575,0.075
-0.575,0.09
-0.575,0.105
-0.575,0.12
-0.575,0.135
-0.575,0.15
-0.575,0.165
-0.575,0.18
-0.575,0.195
-0.575,0.21
-0.575,0.225
-0.575,0.24
-0.575,0.255
-0.575,0.27
-0.575,0.285
-0.575,0.3
-0.575,0.315
-0.575,0.33
-0.575,0.345
-0.575,0.36
-0.575,0.375
-0.575,0.39
-0.575,0.405
-0.575,0.42
-0.575,0.435
-0.56,-0.48
-0.56,-0.45
-0.56,-0.435
-0.56,-0.42
-0.56,-0.405
-0.56,-0.39
-0.56,-0.375
-0.56,-0.36
-0.56,-0.345
-0.56,-0.33
-0.56,-0.315
-0.56,-0.3
-0.56,-0.285
-0.56,-0.27
-0.56,-0.255
-0.56,-0.24
-0.56,-0.225
-0.56,-0.21
-0.56,-0.195
-0.56,-0.18
-0.56,-0.165
-0.56,-0.15
-0.56,-0.135
-0.56,-0.12
-0.56,-0.105
-0.56,-0.09
-0.56,-0.075
-0.56,-0.06
-0.56,-0.045
-0.56,-0.03
-0.56,-0.015
-0.56,0
-0.56,0.015
-0.56,0.03
-0.56,0.045
-0.56,0.06
-0.56,0.075
-0.56,0.09
-0.56,0.105
-0.56,0.12
-0.56,0.135
-0.56,0.15
-0.56,0.165
-0.56,0.18
-0.56,0.195
-0.56,0.21
-0.56,0.225
-0.56,0.24
-0.56,0.255
-0.56,0.27
-0.56,0.285
-0.56,0.3
-0.56,0.315
-0.56,0.33
-0.56,0.345
-0.56,0.36
-0.56,0.375
-0.56,0.39
-0.56,0.405
-0.56,0.42
-0.56,0.435
-0.56,0.45
-0.56,0.48
-0.545,-0.555
-0.545,-0.465
-0.545,-0.45
-0.545,-0.435
-0.545,-0.42
-0.545,-0.405
-0.545,-0.39
-0.545,-0.375
-0.545,-0.36
-0.545,-0.345
-0.545,-0.33
-0.545,-0.315
-0.545,-0.3
-0.545,-0.285
-0.545,-0.27
-0.545,-0.255
-0.545,-0.24
-0.545,-0.225
-0.545,-0.21
-0.545,-0.195
-0.545,-0.18
-0.545,-0.165
-0.545,-0.15
-0.545,-0.135
-0.545,-0.12
-0.545,-0.105
-0.545,-0.09
-0.545,-0.075
-0.545,-0.06
-0.545,-0.045
-0.545,-0.03
-0.545,-0.015
-0.545,0
-0.545,0.015
-0.545,0.03
-0.545,0.045
-0.545,0.06
-0.545,0.075
-0.545,0.09
-0.545,0.105
-0.545,0.12
-0.545,0.135
-0.545,0.15
-0.545,0.165
-0.545,0.18
-0.545,0.195
-0.545,0.21
-0.545,0.225
-0.545,0.24
-0.545,0.255
-0.545,0.27
-0.545,0.285
-0.545,0.3
-0.545,0.315
-0.545,0.33
-0.545,0.345
-0.545,0.36
-0.545,0.375
-0.545,0.39
-0.545,0.405
-0.545,0.42
-0.545,0.435
-0.545,0.45
-0.545,0.465
-0.545,0.555
-0.53,-0.6
-0.53,-0.585
-0.53,-0.57
-0.53,-0.555
-0.53,-0.54
-0.53,-0.48
-0.53,-0.465
-0.53,-0.45
-0.53,-0.435
-0.53,-0.42
-0.53,-0.405
-0.53,-0.39
-0.53,-0.375
-0.53,-0.36
-0.53,-0.345
-0.53,-0.33
-0.53,-0.315
-0.53,-0.3
-0.53,-0.285
-0.53,-0.27
-0.53,-0.255
-0.53,-0.24
-0.53,-0.225
-0.53,-0.21
-0.53,-0.195
-0.53,-0.18
-0.53,-0.165
-0.53,-0.15
-0.53,-0.135
-0.53,-0.12
-0.53,-0.105
-0.53,-0.09
-0.53,-0.075
-0.53,-0.06
-0.53,-0.045
-0.53,-0.03
-0.53,-0.015
-0.53,0
-0.53,0.015
-0.53,0.03
-0.53,0.045
-0.53,0.06
-0.53,0.075
-0.53,0.09
-0.53,0.105
-0.53,0.12
-0.53,0.135
-0.53,0.15
-0.53,0.165
-0.53,0.18
-0.53,0.195
-0.53,0.21
-0.53,0.225
-0.53,0.24
-0.53,0.255
-0.53,0.27
-0.53,0.285
-0.53,0.3
-0.53,0.315
-0.53,0.33
-0.53,0.345
-0.53,0.36
-0.53,0.375
-0.53,0.39
-0.53,0.405
-0.53,0.42
-0.53,0.435
-0.53,0.45
-0.53,0.465
-0.53,0.48
-0.53,0.54
-0.53,0.555
-0.53,0.57
-0.53,0.585
-0.53,0.6
-0.515,-0.6
-0.515,-0.585
-0.515,-0.57
-0.515,-0.555
-0.515,-0.54
-0.515,-0.525
-0.515,-0.495
-0.515,-0.48
-0.515,-0.465
-0.515,-0.45
-0.515,-0.435
-0.515,-0.42
-0.515,-0.405
-0.515,-0.39
-0.515,-0.375
-0.515,-0.36
-0.515,-0.345
-0.515,-0.33
-0.515,-0.315
-0.515,-0.3
-0.515,-0.285
-0.515,-0.27
-0.515,-0.255
-0.515,-0.24
-0.515,-0.225
-0.515,-0.21
-0.515,-0.195
-0.515,-0.18
-0.515,-0.165
-0.515,-0.15
-0.515,-0.135
-0.515,-0.12
-0.515,-0.105
-0.515,-0.09
-0.515,-0.075
-0.515,-0.06
-0.515,-0.045
-0.515,-0.03
-0.515,-0.015
-0.515,0
-0.515,0.015
-0.515,0.03
-0.515,0.045
-0.515,0.06
-0.515,0.075
-0.515,0.09
-0.515,0.105
-0.515,0.12
-0.515,0.135
-0.515,0.15
-0.515,0.165
-0.515,0.18
-0.515,0.195
-0.515,0.21
-0.515,0.225
-0.515,0.24
-0.515,0.255
-0.515,0.27
-0.515,0.285
-0.515,0.3
-0.515,0.315
-0.515,0.33
-0.515,0.345
-0.515,0.36
-0.515,0.375
-0.515,0.39
-0.515,0.405
-0.515,0.42
-0.515,0.435
-0.515,0.45
-0.515,0.465
-0.515,0.48
-0.515,0.495
-0.515,0.525
-0.515,0.54
-0.515,0.555
-0.515,0.57
-0.515,0.585
-0.515,0.6
-0.5,-0.6
-0.5,-0.585
-0.5,-0.57
-0.5,-0.555
-0.5,-0.54
-0.5,-0.525
-0.5,-0.51
-0.5,-0.495
-0.5,-0.48
-0.5,-0.465
-0.5,-0.45
-0.5,-0.435
-0.5,-0.42
-0.5,-0.405
-0.5,-0.39
-0.5,-0.375
-0.5,-0.36
-0.5,-0.345
-0.5,-0.33
-0.5,-0.315
-0.5,-0.3
-0.5,-0.285
-0.5,-0.27
-0.5,-0.255
-0.5,-0.24
-0.5,-0.225
-0.5,-0.21
-0.5,-0.195
-0.5,-0.18
-0.5,-0.165
-0.5,-0.15
-0.5,-0.135
-0.5,-0.12
-0.5,-0.105
-0.5,-0.09
-0.5,-0.075
-0.5,-0.06
-0.5,-0.045
-0.5,-0.03
-0.5,-0.015
-0.5,0
-0.5,0.015
-0.5,0.03
-0.5,0.045
-0.5,0.06
-0.5,0.075
-0.5,0.09
-0.5,0.105
-0.5,0.12
-0.5,0.135
-0.5,0.15
-0.5,0.165
-0.5,0.18
-0.5,0.195
-0.5,0.21
-0.5,0.225
-0.5,0.24
-0.5,0.255
-0.5,0.27
-0.5,0.285
-0.5,0.3
-0.5,0.315
-0.5,0.33
-0.5,0.345
-0.5,0.36
-0.5,0.375
-0.5,0.39
-0.5,0.405
-0.5,0.42
-0.5,0.435
-0.5,0.45
-0.5,0.465
-0.5,0.48
-0.5,0.495
-0.5,0.51
-0.5,0.525
-0.5,0.54
-0.5,0.555
-0.5,0.57
-0.5,0.585
-0.5,0.6
-0.485,-0.6
-0.485,-0.585
-0.485,-0.57
-0.485,-0.555
-0.485,-0.54
-0.485,-0.525
-0.485,-0.51
-0.485,-0.495
-0.485,-0.48
-0.485,-0.465
-0.485,-0.45
-0.485,-0.435
-0.485,-0.42
-0.485,-0.405
-0.485,-0.39
-0.485,-0.375
-0.485,-0.36
-0.485,-0.345
-0.485,-0.33
-0.485,-0.315
-0.485,-0.3
-0.485,-0.285
-0.485,-0.27
-0.485,-0.255
-0.485,-0.24
-0.485,-0.225
-0.485,-0.21
-0.485,-0.195
-0.485,-0.18
-0.485,-0.165
-0.485,-0.15
-0.485,-0.135
-0.485,-0.12
-0.485,-0.105
-0.485,-0.09
-0.485,-0.075
-0.485,-0.06
-0.485,-0.045
-0.485,-0.03
-0.485,-0.015
-0.485,0
-0.485,0.015
-0.485,0.03
-0.485,0.045
-0.485,0.06
-0.485,0.075
-0.485,0.09
-0.485,0.105
-0.485,0.12
-0.485,0.135
-0.485,0.15
-0.485,0.165
-0.485,0.18
-0.485,0.195
-0.485,0.21
-0.485,0.225
-0.485,0.24
-0.485,0.255
-0.485,0.27
-0.485,0.285
-0.485,0.3
-0.485,0.315
-0.485,0.33
-0.485,0.345
-0.485,0.36
-0.485,0.375
-0.485,0.39
-0.485,0.405
-0.485,0.42
-0.485,0.435
-0.485,0.45
-0.485,0.465
-0.485,0.48
-0.485,0.495
-0.485,0.51
-0.485,0.525
-0.485,0.54
-0.485,0.555
-0.485,0.57
-0.485,0.585
-0.485,0.6
-0.47,-0.585
-0.47,-0.57
-0.47,-0.555
-0.47,-0.54
-0.47,-0.525
-0.47,-0.51
-0.47,-0.495
-0.47,-0.48
-0.47,-0.465
-0.47,-0.45
-0.47,-0.435
-0.47,-0.42
-0.47,-0.405
-0.47,-0.39
-0.47,-0.375
-0.47,-0.36
-0.47,-0.345
-0.47,-0.33
-0.47,-0.315
-0.47,-0.3
-0.47,-0.285
-0.47,-0.27
-0.47,-0.255
-0.47,-0.24
-0.47,-0.225
-0.47,-0.21
-0.47,-0.195
-0.47,-0.18
-0.47,-0.165
-0.47,-0.15
-0.47,-0.135
-0.47,-0.12
-0.47,-0.105
-0.47,-0.09
-0.47,-0.075
-0.47,-0.06
-0.47,-0.045
-0.47,-0.03
-0.47,-0.015
-0.47,0
-0.47,0.015
-0.47,0.03
-0.47,0.045
-0.47,0.06
-0.47,0.075
-0.47,0.09
-0.47,0.105
-0.47,0.12
-0.47,0.135
-0.47,0.15
-0.47,0.165
-0.47,0.18
-0.47,0.195
-0.47,0.21
-0.47,0.225
-0.47,0.24
-0.47,0.255
-0.47,0.27
-0.47,0.285
-0.47,0.3
-0.47,0.315
-0.47,0.33
-0.47,0.345
-0.47,0.36
-0.47,0.375
-0.47,0.39
-0.47,0.405
-0.47,0.42
-0.47,0.435
-0.47,0.45
-0.47,0.465
-0.47,0.48
-0.47,0.495
-0.47,0.51
-0.47,0.525
-0.47,0.54
-0.47,0.555
-0.47,0.57
-0.47,0.585
-0.455,-0.54
-0.455,-0.525
-0.455,-0.51
-0.455,-0.495
-0.455,-0.48
-0.455,-0.465
-0.455,-0.45
-0.455,-0.435
-0.455,-0.42
-0.455,-0.405
-0.455,-0.39
-0.455,-0.375
-0.455,-0.36
-0.455,-0.345
-0.455,-0.33
-0.455,-0.315
-0.455,-0.3
-0.455,-0.285
-0.455,-0.27
-0.455,-0.255
-0.455,-0.24
-0.455,-0.225
-0.455,-0.21
-0.455,-0.195
-0.455,-0.18
-0.455,-0.165
-0.455,-0.15
-0.455,-0.135
-0.455,-0.12
-0.455,-0.105
-0.455,-0.09
-0.455,-0.075
-0.455,-0.06
-0.455,-0.045
-0.455,-0.03
-0.455,-0.015
-0.455,0
-0.455,0.015
-0.455,0.03
-0.455,0.045
-0.455,0.06
-0.455,0.075
-0.455,0.09
-0.455,0.105
-0.455,0.12
-0.455,0.135
-0.455,0.15
-0.455,0.165
-0.455,0.18
-0.455,0.195
-0.455,0.21
-0.455,0.225
-0.455,0.24
-0.455,0.255
-0.455,0.27
-0.455,0.285
-0.455,0.3
-0.455,0.315
-0.455,0.33
-0.455,0.345
-0.455,0.36
-0.455,0.375
-0.455,0.39
-0.455,0.405
-0.455,0.42
-0.455,0.435
-0.455,0.45
-0.455,0.465
-0.455,0.48
-0.455,0.495
-0.455,0.51
-0.455,0.525
-0.455,0.54
-0.44,-0.555
-0.44,-0.54
-0.44,-0.525
-0.44,-0.51
-0.44,-0.495
-0.44,-0.48
-0.44,-0.465
-0.44,-0.45
-0.44,-0.435
-0.44,-0.42
-0.44,-0.405
-0.44,-0.39
-0.44,-0.375
-0.44,-0.36
-0.44,-0.345
-0.44,-0.33
-0.44,-0.315
-0.44,-0.3
-0.44,-0.285
-0.44,-0.27
-0.44,-0.255
-0.44,-0.24
-0.44,-0.225
-0.44,-0.21
-0.44,-0.195
-0.44,-0.18
-0.44,-0.165
-0.44,-0.15
-0.44,-0.135
-0.44,-0.12
-0.44,-0.105
-0.44,-0.09
-0.44,-0.075
-0.44,-0.06
-0.44,-0.045
-0.44,-0.03
-0.44,-0.015
-0.44,0
-0.44,0.015
-0.44,0.03
-0.44,0.045
-0.44,0.06
-0.44,0.075
-0.44,0.09
-0.44,0.105
-0.44,0.12
-0.44,0.135
-0.44,0.15
-0.44,0.165
-0.44,0.18
-0.44,0.195
-0.44,0.21
-0.44,0.225
-0.44,0.24
-0.44,0.255
-0.44,0.27
-0.44,0.285
-0.44,0.3
-0.44,0.315
-0.44,0.33
-0.44,0.345
-0.44,0.36
-0.44,0.375
-0.44,0.39
-0.44,0.405
-0.44,0.42
-0.44,0.435
-0.44,0.45
-0.44,0.465
-0.44,0.48
-0.44,0.495
-0.44,0.51
-0.44,0.525
-0.44,0.54
-0.44,0.555
-0.425,-0.57
-0.425,-0.555
-0.425,-0.54
-0.425,-0.525
-0.425,-0.51
-0.425,-0.495
-0.425,-0.48
-0.425,-0.465
-0.425,-0.45
-0.425,-0.435
-0.425,-0.42
-0.425,-0.405
-0.425,-0.39
-0.425,-0.375
-0.425,-0.36
-0.425,-0.345
-0.425,-0.33
-0.425,-0.315
-0.425,-0.3
-0.425,-0.285
-0.425,-0.27
-0.425,-0.255
-0.425,-0.24
-0.425,-0.225
-0.425,-0.21
-0.425,-0.195
-0.425,-0.18
-0.425,-0.165
-0.425,-0.15
-0.425,-0.135
-0.425,-0.12
-0.425,-0.105
-0.425,-0.09
-0.425,-0.075
-0.425,-0.06
-0.425,-0.045
-0.425,-0.03
-0.425,-0.015
-0.425,0
-0.425,0.015
-0.425,0.03
-0.425,0.045
-0.425,0.06
-0.425,0.075
-0.425,0.09
-0.425,0.105
-0.425,0.12
-0.425,0.135
-0.425,0.15
-0.425,0.165
-0.425,0.18
-0.425,0.195
-0.425,0.21
-0.425,0.225
-0.425,0.24
-0.425,0.255
-0.425,0.27
-0.425,0.285
-0.425,0.3
-0.425,0.315
-0.425,0.33
-0.425,0.345
-0.425,0.36
-0.425,0.375
-0.425,0.39
-0.425,0.405
-0.425,0.42
-0.425,0.435
-0.425,0.45
-0.425,0.465
-0.425,0.48
-0.425,0.495
-0.425,0.51
-0.425,0.525
-0.425,0.54
-0.425,0.555
-0.425,0.57
-0.41,-0.585
-0.41,-0.57
-0.41,-0.555
-0.41,-0.54
-0.41,-0.525
-0.41,-0.51
-0.41,-0.495
-0.41,-0.48
-0.41,-0.465
-0.41,-0.45
-0.41,-0.435
-0.41,-0.42
-0.41,-0.405
-0.41,-0.39
-0.41,-0.375
-0.41,-0.36
-0.41,-0.345
-0.41,-0.33
-0.41,-0.315
-0.41,-0.3
-0.41,-0.285
-0.41,-0.27
-0.41,-0.255
-0.41,-0.24
-0.41,-0.225
-0.41,-0.21
-0.41,-0.195
-0.41,-0.18
-0.41,-0.165
-0.41,-0.15
-0.41,-0.135
-0.41,-0.12
-0.41,-0.105
-0.41,-0.09
-0.41,-0.075
-0.41,-0.06
-0.41,-0.045
-0.41,-0.03
-0.41,-0.015
-0.41,0
-0.41,0.015
-0.41,0.03
-0.41,0.045
-0.41,0.06
-0.41,0.075
-0.41,0.09
-0.41,0.105
-0.41,0.12
-0.41,0.135
-0.41,0.15
-0.41,0.165
-0.41,0.18
-0.41,0.195
-0.41,0.21
-0.41,0.225
-0.41,0.24
-0.41,0.255
-0.41,0.27
-0.41,0.285
-0.41,0.3
-0.41,0.315
-0.41,0.33
-0.41,0.345
-0.41,0.36
-0.41,0.375
-0.41,0.39
-0.41,0.405
-0.41,0.42
-0.41,0.435
-0.41,0.45
-0.41,0.465
-0.41,0.48
-0.41,0.495
-0.41,0.51
-0.41,0.525
-0.41,0.54
-0.41,0.555
-0.41,0.57
-0.41,0.585
-0.395,-0.57
-0.395,-0.555
-0.395,-0.54
-0.395,-0.525
-0.395,-0.51
-0.395,-0.495
-0.395,-0.48
-0.395,-0.465
-0.395,-0.45
-0.395,-0.435
-0.395,-0.42
-0.395,-0.405
-0.395,-0.39
-0.395,-0.375
-0.395,-0.36
-0.395,-0.345
-0.395,-0.33
-0.395,-0.315
-0.395,-0.3
-0.395,-0.285
-0.395,-0.27
-0.395,-0.255
-0.395,-0.24
-0.395,-0.225
-0.395,-0.21
-0.395,-0.195
-0.395,-0.18
-0.395,-0.165
-0.395,-0.15
-0.395,-0.135
-0.395,-0.12
-0.395,-0.105
-0.395,-0.09
-0.395,-0.075
-0.395,-0.06
-0.395,-0.045
-0.395,-0.03
-0.395,-0.015
-0.395,0
-0.395,0.015
-0.395,0.03
-0.395,0.045
-0.395,0.06
-0.395,0.075
-0.395,0.09
-0.395,0.105
-0.395,0.12
-0.395,0.135
-0.395,0.15
-0.395,0.165
-0.395,0.18
-0.395,0.195
-0.395,0.21
-0.395,0.225
-0.395,0.24
-0.395,0.255
-0.395,0.27
-0.395,0.285
-0.395,0.3
-0.395,0.315
-0.395,0.33
-0.395,0.345
-0.395,0.36
-0.395,0.375
-0.395,0.39
-0.395,0.405
-0.395,0.42
-0.395,0.435
-0.395,0.45
-0.395,0.465
-0.395,0.48
-0.395,0.495
-0.395,0.51
-0.395,0.525
-0.395,0.54
-0.395,0.555
-0.395,0.57
-0.38,-0.585
-0.38,-0.57
-0.38,-0.555
-0.38,-0.54
-0.38,-0.525
-0.38,-0.51
-0.38,-0.495
-0.38,-0.48
-0.38,-0.465
-0.38,-0.45
-0.38,-0.435
-0.38,-0.42
-0.38,-0.405
-0.38,-0.39
-0.38,-0.375
-0.38,-0.36
-0.38,-0.345
-0.38,-0.33
-0.38,-0.315
-0.38,-0.3
-0.38,-0.285
-0.38,-0.27
-0.38,-0.255
-0.38,-0.24
-0.38,-0.225
-0.38,-0.21
-0.38,-0.195
-0.38,-0.18
-0.38,-0.165
-0.38,-0.15
-0.38,-0.135
-0.38,-0.12
-0.38,-0.105
-0.38,-0.09
-0.38,-0.075
-0.38,-0.06
-0.38,-0.045
-0.38,-0.03
-0.38,-0.015
-0.38,0
-0.38,0.015
-0.38,0.03
-0.38,0.045
-0.38,0.06
-0.38,0.075
-0.38,0.09
-0.38,0.105
-0.38,0.12
-0.38,0.135
-0.38,0.15
-0.38,0.165
-0.38,0.18
-0.38,0.195
-0.38,0.21
-0.38,0.225
-0.38,0.24
-0.38,0.255
-0.38,0.27
-0.38,0.285
-0.38,0.3
-0.38,0.315
-0.38,0.33
-0.38,0.345
-0.38,0.36
-0.38,0.375
-0.38,0.39
-0.38,0.405
-0.38,0.42
-0.38,0.435
-0.38,0.45
-0.38,0.465
-0.38,0.48
-0.38,0.495
-0.38,0.51
-0.38,0.525
-0.38,0.54
-0.38,0.555
-0.38,0.57
-0.38,0.585
-0.365,-0.63
-0.365,-0.615
-0.365,-0.585
-0.365,-0.57
-0.365,-0.555
-0.365,-0.54
-0.365,-0.525
-0.365,-0.51
-0.365,-0.495
-0.365,-0.48
-0.365,-0.465
-0.365,-0.45
-0.365,-0.435
-0.365,-0.42
-0.365,-0.405
-0.365,-0.39
-0.365,-0.375
-0.365,-0.36
-0.365,-0.345
-0.365,-0.33
-0.365,-0.315
-0.365,-0.3
-0.365,-0.285
-0.365,-0.27
-0.365,-0.255
-0.365,-0.24
-0.365,-0.225
-0.365,-0.21
-0.365,-0.195
-0.365,-0.18
-0.365,-0.165
-0.365,-0.15
-0.365,-0.135
-0.365,-0.12
-0.365,-0.105
-0.365,-0.09
-0.365,-0.075
-0.365,-0.06
-0.365,-0.045
-0.365,-0.03
-0.365,-0.015
-0.365,0
-0.365,0.015
-0.365,0.03
-0.365,0.045
-0.365,0.06
-0.365,0.075
-0.365,0.09
-0.365,0.105
-0.365,0.12
-0.365,0.135
-0.365,0.15
-0.365,0.165
-0.365,0.18
-0.365,0.195
-0.365,0.21
-0.365,0.225
-0.365,0.24
-0.365,0.255
-0.365,0.27
-0.365,0.285
-0.365,0.3
-0.365,0.315
-0.365,0.33
-0.365,0.345
-0.365,0.36
-0.365,0.375
-0.365,0.39
-0.365,0.405
-0.365,0.42
-0.365,0.435
-0.365,0.45
-0.365,0.465
-0.365,0.48
-0.365,0.495
-0.365,0.51
-0.365,0.525
-0.365,0.54
-0.365,0.555
-0.365,0.57
-0.365,0.585
-0.365,0.615
-0.365,0.63
-0.35,-0.615
-0.35,-0.6
-0.35,-0.585
-0.35,-0.57
-0.35,-0.555
-0.35,-0.54
-0.35,-0.525
-0.35,-0.51
-0.35,-0.495
-0.35,-0.48
-0.35,-0.465
-0.35,-0.45
-0.35,-0.435
-0.35,-0.42
-0.35,-0.405
-0.35,-0.39
-0.35,-0.375
-0.35,-0.36
-0.35,-0.345
-0.35,-0.33
-0.35,-0.315
-0.35,-0.3
-0.35,-0.285
-0.35,-0.27
-0.35,-0.255
-0.35,-0.24
-0.35,-0.225
-0.35,-0.21
-0.35,-0.195
-0.35,-0.18
-0.35,-0.165
-0.35,-0.15
-0.35,-0.135
-0.35,-0.12
-0.35,-0.105
-0.35,-0.09
-0.35,-0.075
-0.35,-0.06
-0.35,-0.045
-0.35,-0.03
-0.35,-0.015
-0.35,0
-0.35,0.015
-0.35,0.03
-0.35,0.045
-0.35,0.06
-0.35,0.075
-0.35,0.09
-0.35,0.105
-0.35,0.12
-0.35,0.135
-0.35,0.15
-0.35,0.165
-0.35,0.18
-0.35,0.195
-0.35,0.21
-0.35,0.225
-0.35,0.24
-0.35,0.255
-0.35,0.27
-0.35,0.285
-0.35,0.3
-0.35,0.315
-0.35,0.33
-0.35,0.345
-0.35,0.36
-0.35,0.375
-0.35,0.39
-0.35,0.405
-0.35,0.42
-0.35,0.435
-0.35,0.45
-0.35,0.465
-0.35,0.48
-0.35,0.495
-0.35,0.51
-0.35,0.525
-0.35,0.54
-0.35,0.555
-0.35,0.57
-0.35,0.585
-0.35,0.6
-0.35,0.615
-0.335,-0.6
-0.335,-0.585
-0.335,-0.57
-0.335,-0.555
-0.335,-0.54
-0.335,-0.525
-0.335,-0.51
-0.335,-0.495
-0.335,-0.48
-0.335,-0.465
-0.335,-0.45
-0.335,-0.435
-0.335,-0.42
-0.335,-0.405
-0.335,-0.39
-0.335,-0.375
-0.335,-0.36
-0.335,-0.345
-0.335,-0.33
-0.335,-0.315
-0.335,-0.3
-0.335,-0.285
-0.335,-0.27
-0.335,-0.255
-0.335,-0.24
-0.335,-0.225
-0.335,-0.21
-0.335,-0.195
-0.335,-0.18
-0.335,-0.165
-0.335,-0.15
-0.335,-0.135
-0.335,-0.12
-0.335,-0.105
-0.335,-0.09
-0.335,-0.075
-0.335,-0.06
-0.335,-0.045
-0.335,-0.03
-0.335,-0.015
-0.335,0
-0.335,0.015
-0.335,0.03
-0.335,0.045
-0.335,0.06
-0.335,0.075
-0.335,0.09
-0.335,0.105
-0.335,0.12
-0.335,0.135
-0.335,0.15
-0.335,0.165
-0.335,0.18
-0.335,0.195
-0.335,0.21
-0.335,0.225
-0.335,0.24
-0.335,0.255
-0.335,0.27
-0.335,0.285
-0.335,0.3
-0.335,0.315
-0.335,0.33
-0.335,0.345
-0.335,0.36
-0.335,0.375
-0.335,0.39
-0.335,0.405
-0.335,0.42
-0.335,0.435
-0.335,0.45
-0.335,0.465
-0.335,0.48
-0.335,0.495
-0.335,0.51
-0.335,0.525
-0.335,0.54
-0.335,0.555
-0.335,0.57
-0.335,0.585
-0.335,0.6
-0.32,-0.615
-0.32,-0.6
-0.32,-0.585
-0.32,-0.57
-0.32,-0.555
-0.32,-0.54
-0.32,-0.525
-0.32,-0.51
-0.32,-0.495
-0.32,-0.48
-0.32,-0.465
-0.32,-0.45
-0.32,-0.435
-0.32,-0.42
-0.32,-0.405
-0.32,-0.39
-0.32,-0.375
-0.32,-0.36
-0.32,-0.345
-0.32,-0.33
-0.32,-0.315
-0.32,-0.3
-0.32,-0.285
-0.32,-0.27
-0.32,-0.255
-0.32,-0.24
-0.32,-0.225
-0.32,-0.21
-0.32,-0.195
-0.32,-0.18
-0.32,-0.165
-0.32,-0.15
-0.32,-0.135
-0.32,-0.12
-0.32,-0.105
-0.32,-0.09
-0.32,-0.075
-0.32,-0.06
-0.32,-0.045
-0.32,-0.03
-0.32,-0.015
-0.32,0
-0.32,0.015
-0.32,0.03
-0.32,0.045
-0.32,0.06
-0.32,0.075
-0.32,0.09
-0.32,0.105
-0.32,0.12
-0.32,0.135
-0.32,0.15
-0.32,0.165
-0.32,0.18
-0.32,0.195
-0.32,0.21
-0.32,0.225
-0.32,0.24
-0.32,0.255
-0.32,0.27
-0.32,0.285
-0.32,0.3
-0.32,0.315
-0.32,0.33
-0.32,0.345
-0.32,0.36
-0.32,0.375
-0.32,0.39
-0.32,0.405
-0.32,0.42
-0.32,0.435
-0.32,0.45
-0.32,0.465
-0.32,0.48
-0.32,0.495
-0.32,0.51
-0.32,0.525
-0.32,0.54
-0.32,0.555
-0.32,0.57
-0.32,0.585
-0.32,0.6
-0.32,0.615
-0.305,-0.615
-0.305,-0.6
-0.305,-0.585
-0.305,-0.57
-0.305,-0.555
-0.305,-0.54
-0.305,-0.525
-0.305,-0.51
-0.305,-0.495
-0.305,-0.48
-0.305,-0.465
-0.305,-0.45
-0.305,-0.435
-0.305,-0.42
-0.305,-0.405
-0.305,-0.39
-0.305,-0.375
-0.305,-0.36
-0.305,-0.345
-0.305,-0.33
-0.305,-0.315
-0.305,-0.3
-0.305,-0.285
-0.305,-0.27
-0.305,-0.255
-0.305,-0.24
-0.305,-0.225
-0.305,-0.21
-0.305,-0.195
-0.305,-0.18
-0.305,-0.165
-0.305,-0.15
-0.305,-0.135
-0.305,-0.12
-0.305,-0.105
-0.305,-0.09
-0.305,-0.075
-0.305,-0.06
-0.305,-0.045
-0.305,-0.03
-0.305,-0.015
-0.305,0
-0.305,0.015
-0.305,0.03
-0.305,0.045
-0.305,0.06
-0.305,0.075
-0.305,0.09
-0.305,0.105
-0.305,0.12
-0.305,0.135
-0.305,0.15
-0.305,0.165
-0.305,0.18
-0.305,0.195
-0.305,0.21
-0.305,0.225
-0.305,0.24
-0.305,0.255
-0.305,0.27
-0.305,0.285
-0.305,0.3
-0.305,0.315
-0.305,0.33
-0.305,0.345
-0.305,0.36
-0.305,0.375
-0.305,0.39
-0.305,0.405
-0.305,0.42
-0.305,0.435
-0.305,0.45
-0.305,0.465
-0.305,0.48
-0.305,0.495
-0.305,0.51
-0.305,0.525
-0.305,0.54
-0.305,0.555
-0.305,0.57
-0.305,0.585
-0.305,0.6
-0.305,0.615
-0.29,-0.63
-0.29,-0.615
-0.29,-0.6
-0.29,-0.585
-0.29,-0.57
-0.29,-0.555
-0.29,-0.54
-0.29,-0.525
-0.29,-0.51
-0.29,-0.495
-0.29,-0.48
-0.29,-0.465
-0.29,-0.45
-0.29,-0.435
-0.29,-0.42
-0.29,-0.405
-0.29,-0.39
-0.29,-0.375
-0.29,-0.36
-0.29,-0.345
-0.29,-0.33
-0.29,-0.315
-0.29,-0.3
-0.29,-0.285
-0.29,-0.27
-0.29,-0.255
-0.29,-0.24
-0.29,-0.225
-0.29,-0.21
-0.29,-0.195
-0.29,-0.18
-0.29,-0.165
-0.29,-0.15
-0.29,-0.135
-0.29,-0.12
-0.29,-0.105
-0.29,-0.09
-0.29,-0.075
-0.29,-0.06
-0.29,-0.045
-0.29,-0.03
-0.29,-0.015
-0.29,0
-0.29,0.015
-0.29,0.03
-0.29,0.045
-0.29,0.06
-0.29,0.075
-0.29,0.09
-0.29,0.105
-0.29,0.12
-0.29,0.135
-0.29,0.15
-0.29,0.165
-0.29,0.18
-0.29,0.195
-0.29,0.21
-0.29,0.225
-0.29,0.24
-0.29,0.255
-0.29,0.27
-0.29,0.285
-0.29,0.3
-0.29,0.315
-0.29,0.33
-0.29,0.345
-0.29,0.36
-0.29,0.375
-0.29,0.39
-0.29,0.405
-0.29,0.42
-0.29,0.435
-0.29,0.45
-0.29,0.465
-0.29,0.48
-0.29,0.495
-0.29,0.51
-0.29,0.525
-0.29,0.54
-0.29,0.555
-0.29,0.57
-0.29,0.585
-0.29,0.6
-0.29,0.615
-0.29,0.63
-0.275,-0.63
-0.275,-0.615
-0.275,-0.6
-0.275,-0.585
-0.275,-0.57
-0.275,-0.555
-0.275,-0.54
-0.275,-0.525
-0.275,-0.51
-0.275,-0.495
-0.275,-0.48
-0.275,-0.465
-0.275,-0.45
-0.275,-0.435
-0.275,-0.42
-0.275,-0.405
-0.275,-0.39
-0.275,-0.375
-0.275,-0.36
-0.275,-0.345
-0.275,-0.33
-0.275,-0.315
-0.275,-0.3
-0.275,-0.285
-0.275,-0.27
-0.275,-0.255
-0.275,-0.24
-0.275,-0.225
-0.275,-0.21
-0.275,-0.195
-0.275,-0.18
-0.275,-0.165
-0.275,-0.15
-0.275,-0.135
-0.275,-0.12
-0.275,-0.105
-0.275,-0.09
-0.275,-0.075
-0.275,-0.06
-0.275,-0.045
-0.275,-0.03
-0.275,-0.015
-0.275,0
-0.275,0.015
-0.275,0.03
-0.275,0.045
-0.275,0.06
-0.275,0.075
-0.275,0.09
-0.275,0.105
-0.275,0.12
-0.275,0.135
-0.275,0.15
-0.275,0.165
-0.275,0.18
-0.275,0.195
-0.275,0.21
-0.275,0.225
-0.275,0.24
-0.275,0.255
-0.275,0.27
-0.275,0.285
-0.275,0.3
-0.275,0.315
-0.275,0.33
-0.275,0.345
-0.275,0.36
-0.275,0.375
-0.275,0.39
-0.275,0.405
-0.275,0.42
-0.275,0.435
-0.275,0.45
-0.275,0.465
-0.275,0.48
-0.275,0.495
-0.275,0.51
-0.275,0.525
-0.275,0.54
-0.275,0.555
-0.275,0.57
-0.275,0.585
-0.275,0.6
-0.275,0.615
-0.275,0.63
-0.26,-0.63
-0.26,-0.615
-0.26,-0.6
-0.26,-0.585
-0.26,-0.57
-0.26,-0.555
-0.26,-0.54
-0.26,-0.525
-0.26,-0.51
-0.26,-0.495
-0.26,-0.48
-0.26,-0.465
-0.26,-0.45
-0.26,-0.435
-0.26,-0.42
-0.26,-0.405
-0.26,-0.39
-0.26,-0.375
-0.26,-0.36
-0.26,-0.345
-0.26,-0.33
-0.26,-0.315
-0.26,-0.3
-0.26,-0.285
-0.26,-0.27
-0.26,-0.255
-0.26,-0.24
-0.26,-0.225
-0.26,-0.21
-0.26,-0.195
-0.26,-0.18
-0.26,-0.165
-0.26,-0.15
-0.26,-0.135
-0.26,-0.12
-0.26,-0.105
-0.26,-0.09
-0.26,-0.075
-0.26,-0.06
-0.26,-0.045
-0.26,-0.03
-0.26,-0.015
-0.26,0
-0.26,0.015
-0.26,0.03
-0.26,0.045
-0.26,0.06
-0.26,0.075
-0.26,0.09
-0.26,0.105
-0.26,0.12
-0.26,0.135
-0.26,0.15
-0.26,0.165
-0.26,0.18
-0.26,0.195
-0.26,0.21
-0.26,0.225
-0.26,0.24
-0.26,0.255
-0.26,0.27
-0.26,0.285
-0.26,0.3
-0.26,0.315
-0.26,0.33
-0.26,0.345
-0.26,0.36
-0.26,0.375
-0.26,0.39
-0.26,0.405
-0.26,0.42
-0.26,0.435
-0.26,0.45
-0.26,0.465
-0.26,0.48
-0.26,0.495
-0.26,0.51
-0.26,0.525
-0.26,0.54
-0.26,0.555
-0.26,0.57
-0.26,0.585
-0.26,0.6
-0.26,0.615
-0.26,0.63
-0.245,-0.63
-0.245,-0.615
-0.245,-0.6
-0.245,-0.585
-0.245,-0.57
-0.245,-0.555
-0.245,-0.54
-0.245,-0.525
-0.245,-0.51
-0.245,-0.495
-0.245,-0.48
-0.245,-0.465
-0.245,-0.45
-0.245,-0.435
-0.245,-0.42
-0.245,-0.405
-0.245,-0.39
-0.245,-0.375
-0.245,-0.36
-0.245,-0.345
-0.245,-0.33
-0.245,-0.315
-0.245,-0.3
-0.245,-0.285
-0.245,-0.27
-0.245,-0.255
-0.245,-0.24
-0.245,-0.225
-0.245,-0.21
-0.245,-0.195
-0.245,-0.18
-0.245,-0.165
-0.245,-0.15
-0.245,-0.135
-0.245,-0.12
-0.245,-0.105
-0.245,-0.09
-0.245,-0.075
-0.245,-0.06
-0.245,-0.045
-0.245,-0.03
-0.245,-0.015
-0.245,0
-0.245,0.015
-0.245,0.03
-0.245,0.045
-0.245,0.06
-0.245,0.075
-0.245,0.09
-0.245,0.105
-0.245,0.12
-0.245,0.135
-0.245,0.15
-0.245,0.165
-0.245,0.18
-0.245,0.195
-0.245,0.21
-0.245,0.225
-0.245,0.24
-0.245,0.255
-0.245,0.27
-0.245,0.285
-0.245,0.3
-0.245,0.315
-0.245,0.33
-0.245,0.345
-0.245,0.36
-0.245,0.375
-0.245,0.39
-0.245,0.405
-0.245,0.42
-0.245,0.435
-0.245,0.45
-0.245,0.465
-0.245,0.48
-0.245,0.495
-0.245,0.51
-0.245,0.525
-0.245,0.54
-0.245,0.555
-0.245,0.57
-0.245,0.585
-0.245,0.6
-0.245,0.615
-0.245,0.63
-0.23,-0.75
-0.23,-0.63
-0.23,-0.615
-0.23,-0.6
-0.23,-0.585
-0.23,-0.57
-0.23,-0.555
-0.23,-0.54
-0.23,-0.525
-0.23,-0.51
-0.23,-0.495
-0.23,-0.48
-0.23,-0.465
-0.23,-0.45
-0.23,-0.435
-0.23,-0.42
-0.23,-0.405
-0.23,-0.39
-0.23,-0.375
-0.23,-0.36
-0.23,-0.345
-0.23,-0.33
-0.23,-0.315
-0.23,-0.3
-0.23,-0.285
-0.23,-0.27
-0.23,-0.255
-0.23,-0.24
-0.23,-0.225
-0.23,-0.21
-0.23,-0.195
-0.23,-0.18
-0.23,-0.165
-0.23,-0.15
-0.23,-0.135
-0.23,-0.12
-0.23,-0.105
-0.23,-0.09
-0.23,-0.075
-0.23,-0.06
-0.23,-0.045
-0.23,-0.03
-0.23,-0.015
-0.23,0
-0.23,0.015
-0.23,0.03
-0.23,0.045
-0.23,0.06
-0.23,0.075
-0.23,0.09
-0.23,0.105
-0.23,0.12
-0.23,0.135
-0.23,0.15
-0.23,0.165
-0.23,0.18
-0.23,0.195
-0.23,0.21
-0.23,0.225
-0.23,0.24
-0.23,0.255
-0.23,0.27
-0.23,0.285
-0.23,0.3
-0.23,0.315
-0.23,0.33
-0.23,0.345
-0.23,0.36
-0.23,0.375
-0.23,0.39
-0.23,0.405
-0.23,0.42
-0.23,0.435
-0.23,0.45
-0.23,0.465
-0.23,0.48
-0.23,0.495
-0.23,0.51
-0.23,0.525
-0.23,0.54
-0.23,0.555
-0.23,0.57
-0.23,0.585
-0.23,0.6
-0.23,0.615
-0.23,0.63
-0.23,0.75
-0.215,-0.81
-0.215,-0.765
-0.215,-0.75
-0.215,-0.735
-0.215,-0.72
-0.215,-0.645
-0.215,-0.63
-0.215,-0.615
-0.215,-0.6
-0.215,-0.585
-0.215,-0.57
-0.215,-0.555
-0.215,-0.54
-0.215,-0.525
-0.215,-0.51
-0.215,-0.495
-0.215,-0.48
-0.215,-0.465
-0.215,-0.45
-0.215,-0.435
-0.215,-0.42
-0.215,-0.405
-0.215,-0.39
-0.215,-0.375
-0.215,-0.36
-0.215,-0.345
-0.215,-0.33
-0.215,-0.315
-0.215,-0.3
-0.215,-0.285
-0.215,-0.27
-0.215,-0.255
-0.215,-0.24
-0.215,-0.225
-0.215,-0.21
-0.215,-0.195
-0.215,-0.18
-0.215,-0.165
-0.215,-0.15
-0.215,-0.135
-0.215,-0.12
-0.215,-0.105
-0.215,-0.09
-0.215,-0.075
-0.215,-0.06
-0.215,-0.045
-0.215,-0.03
-0.215,-0.015
-0.215,0
-0.215,0.015
-0.215,0.03
-0.215,0.045
-0.215,0.06
-0.215,0.075
-0.215,0.09
-0.215,0.105
-0.215,0.12
-0.215,0.135
-0.215,0.15
-0.215,0.165
-0.215,0.18
-0.215,0.195
-0.215,0.21
-0.215,0.225
-0.215,0.24
-0.215,0.255
-0.215,0.27
-0.215,0.285
-0.215,0.3
-0.215,0.315
-0.215,0.33
-0.215,0.345
-0.215,0.36
-0.215,0.375
-0.215,0.39
-0.215,0.405
-0.215,0.42
-0.215,0.435
-0.215,0.45
-0.215,0.465
-0.215,0.48
-0.215,0.495
-0.215,0.51
-0.215,0.525
-0.215,0.54
-0.215,0.555
-0.215,0.57
-0.215,0.585
-0.215,0.6
-0.215,0.615
-0.215,0.63
-0.215,0.645
-0.215,0.72
-0.215,0.735
-0.215,0.75
-0.215,0.765
-0.215,0.81
-0.2,-0.795
-0.2,-0.78
-0.2,-0.765
-0.2,-0.75
-0.2,-0.735
-0.2,-0.72
-0.2,-0.705
-0.2,-0.69
-0.2,-0.645
-0.2,-0.63
-0.2,-0.615
-0.2,-0.6
-0.2,-0.585
-0.2,-0.57
-0.2,-0.555
-0.2,-0.54
-0.2,-0.525
-0.2,-0.51
-0.2,-0.495
-0.2,-0.48
-0.2,-0.465
-0.2,-0.45
-0.2,-0.435
-0.2,-0.42
-0.2,-0.405
-0.2,-0.39
-0.2,-0.375
-0.2,-0.36
-0.2,-0.345
-0.2,-0.33
-0.2,-0.315
-0.2,-0.3
-0.2,-0.285
-0.2,-0.27
-0.2,-0.255
-0.2,-0.24
-0.2,-0.225
-0.2,-0.21
-0.2,-0.195
-0.2,-0.18
-0.2,-0.165
-0.2,-0.15
-0.2,-0.135
-0.2,-0.12
-0.2,-0.105
-0.2,-0.09
-0.2,-0.075
-0.2,-0.06
-0.2,-0.045
-0.2,-0.03
-0.2,-0.015
-0.2,0
-0.2,0.015
-0.2,0.03
-0.2,0.045
-0.2,0.06
-0.2,0.075
-0.2,0.09
-0.2,0.105
-0.2,0.12
-0.2,0.135
-0.2,0.15
-0.2,0.165
-0.2,0.18
-0.2,0.195
-0.2,0.21
-0.2,0.225
-0.2,0.24
-0.2,0.255
-0.2,0.27
-0.2,0.285
-0.2,0.3
-0.2,0.315
-0.2,0.33
-0.2,0.345
-0.2,0.36
-0.2,0.375
-0.2,0.39
-0.2,0.405
-0.2,0.42
-0.2,0.435
-0.2,0.45
-0.2,0.465
-0.2,0.48
-0.2,0.495
-0.2,0.51
-0.2,0.525
-0.2,0.54
-0.2,0.555
-0.2,0.57
-0.2,0.585
-0.2,0.6
-0.2,0.615
-0.2,0.63
-0.2,0.645
-0.2,0.69
-0.2,0.705
-0.2,0.72
-0.2,0.735
-0.2,0.75
-0.2,0.765
-0.2,0.78
-0.2,0.795
-0.185,-0.81
-0.185,-0.795
-0.185,-0.78
-0.185,-0.765
-0.185,-0.75
-0.185,-0.735
-0.185,-0.72
-0.185,-0.705
-0.185,-0.69
-0.185,-0.675
-0.185,-0.645
-0.185,-0.63
-0.185,-0.615
-0.185,-0.6
-0.185,-0.585
-0.185,-0.57
-0.185,-0.555
-0.185,-0.54
-0.185,-0.525
-0.185,-0.51
-0.185,-0.495
-0.185,-0.48
-0.185,-0.465
-0.185,-0.45
-0.185,-0.435
-0.185,-0.42
-0.185,-0.405
-0.185,-0.39
-0.185,-0.375
-0.185,-0.36
-0.185,-0.345
-0.185,-0.33
-0.185,-0.315
-0.185,-0.3
-0.185,-0.285
-0.185,-0.27
-0.185,-0.255
-0.185,-0.24
-0.185,-0.225
-0.185,-0.21
-0.185,-0.195
-0.185,-0.18
-0.185,-0.165
-0.185,-0.15
-0.185,-0.135
-0.185,-0.12
-0.185,-0.105
-0.185,-0.09
-0.185,-0.075
-0.185,-0.06
-0.185,-0.045
-0.185,-0.03
-0.185,-0.015
-0.185,0
-0.185,0.015
-0.185,0.03
-0.185,0.045
-0.185,0.06
-0.185,0.075
-0.185,0.09
-0.185,0.105
-0.185,0.12
-0.185,0.135
-0.185,0.15
-0.185,0.165
-0.185,0.18
-0.185,0.195
-0.185,0.21
-0.185,0.225
-0.185,0.24
-0.185,0.255
-0.185,0.27
-0.185,0.285
-0.185,0.3
-0.185,0.315
-0.185,0.33
-0.185,0.345
-0.185,0.36
-0.185,0.375
-0.185,0.39
-0.185,0.405
-0.185,0.42
-0.185,0.435
-0.185,0.45
-0.185,0.465
-0.185,0.48
-0.185,0.495
-0.185,0.51
-0.185,0.525
-0.185,0.54
-0.185,0.555
-0.185,0.57
-0.185,0.585
-0.185,0.6
-0.185,0.615
-0.185,0.63
-0.185,0.645
-0.185,0.675
-0.185,0.69
-0.185,0.705
-0.185,0.72
-0.185,0.735
-0.185,0.75
-0.185,0.765
-0.185,0.78
-0.185,0.795
-0.185,0.81
-0.17,-0.825
-0.17,-0.81
-0.17,-0.795
-0.17,-0.78
-0.17,-0.765
-0.17,-0.75
-0.17,-0.735
-0.17,-0.72
-0.17,-0.705
-0.17,-0.69
-0.17,-0.675
-0.17,-0.66
-0.17,-0.645
-0.17,-0.63
-0.17,-0.615
-0.17,-0.6
-0.17,-0.585
-0.17,-0.57
-0.17,-0.555
-0.17,-0.54
-0.17,-0.525
-0.17,-0.51
-0.17,-0.495
-0.17,-0.48
-0.17,-0.465
-0.17,-0.45
-0.17,-0.435
-0.17,-0.42
-0.17,-0.405
-0.17,-0.39
-0.17,-0.375
-0.17,-0.36
-0.17,-0.345
-0.17,-0.33
-0.17,-0.315
-0.17,-0.3
-0.17,-0.285
-0.17,-0.27
-0.17,-0.255
-0.17,-0.24
-0.17,-0.225
-0.17,-0.21
-0.17,-0.195
-0.17,-0.18
-0.17,-0.165
-0.17,-0.15
-0.17,-0.135
-0.17,-0.12
-0.17,-0.105
-0.17,-0.09
-0.17,-0.075
-0.17,-0.06
-0.17,-0.045
-0.17,-0.03
-0.17,-0.015
-0.17,0
-0.17,0.015
-0.17,0.03
-0.17,0.045
-0.17,0.06
-0.17,0.075
-0.17,0.09
-0.17,0.105
-0.17,0.12
-0.17,0.135
-0.17,0.15
-0.17,0.165
-0.17,0.18
-0.17,0.195
-0.17,0.21
-0.17,0.225
-0.17,0.24
-0.17,0.255
-0.17,0.27
-0.17,0.285
-0.17,0.3
-0.17,0.315
-0.17,0.33
-0.17,0.345
-0.17,0.36
-0.17,0.375
-0.17,0.39
-0.17,0.405
-0.17,0.42
-0.17,0.435
-0.17,0.45
-0.17,0.465
-0.17,0.48
-0.17,0.495
-0.17,0.51
-0.17,0.525
-0.17,0.54
-0.17,0.555
-0.17,0.57
-0.17,0.585
-0.17,0.6
-0.17,0.615
-0.17,0.63
-0.17,0.645
-0.17,0.66
-0.17,0.675
-0.17,0.69
-0.17,0.705
-0.17,0.72
-0.17,0.735
-0.17,0.75
-0.17,0.765
-0.17,0.78
-0.17,0.795
-0.17,0.81
-0.17,0.825
-0.155,-1.035
-0.155,-0.825
-0.155,-0.81
-0.155,-0.795
-0.155,-0.78
-0.155,-0.765
-0.155,-0.75
-0.155,-0.735
-0.155,-0.72
-0.155,-0.705
-0.155,-0.69
-0.155,-0.675
-0.155,-0.66
-0.155,-0.645
-0.155,-0.63
-0.155,-0.615
-0.155,-0.6
-0.155,-0.585
-0.155,-0.57
-0.155,-0.555
-0.155,-0.54
-0.155,-0.525
-0.155,-0.51
-0.155,-0.495
-0.155,-0.48
-0.155,-0.465
-0.155,-0.45
-0.155,-0.435
-0.155,-0.42
-0.155,-0.405
-0.155,-0.39
-0.155,-0.375
-0.155,-0.36
-0.155,-0.345
-0.155,-0.33
-0.155,-0.315
-0.155,-0.3
-0.155,-0.285
-0.155,-0.27
-0.155,-0.255
-0.155,-0.24
-0.155,-0.225
-0.155,-0.21
-0.155,-0.195
-0.155,-0.18
-0.155,-0.165
-0.155,-0.15
-0.155,-0.135
-0.155,-0.12
-0.155,-0.105
-0.155,-0.09
-0.155,-0.075
-0.155,-0.06
-0.155,-0.045
-0.155,-0.03
-0.155,-0.015
-0.155,0
-0.155,0.015
-0.155,0.03
-0.155,0.045
-0.155,0.06
-0.155,0.075
-0.155,0.09
-0.155,0.105
-0.155,0.12
-0.155,0.135
-0.155,0.15
-0.155,0.165
-0.155,0.18
-0.155,0.195
-0.155,0.21
-0.155,0.225
-0.155,0.24
-0.155,0.255
-0.155,0.27
-0.155,0.285
-0.155,0.3
-0.155,0.315
-0.155,0.33
-0.155,0.345
-0.155,0.36
-0.155,0.375
-0.155,0.39
-0.155,0.405
-0.155,0.42
-0.155,0.435
-0.155,0.45
-0.155,0.465
-0.155,0.48
-0.155,0.495
-0.155,0.51
-0.155,0.525
-0.155,0.54
-0.155,0.555
-0.155,0.57
-0.155,0.585
-0.155,0.6
-0.155,0.615
-0.155,0.63
-0.155,0.645
-0.155,0.66
-0.155,0.675
-0.155,0.69
-0.155,0.705
-0.155,0.72
-0.155,0.735
-0.155,0.75
-0.155,0.765
-0.155,0.78
-0.155,0.795
-0.155,0.81
-0.155,0.825
-0.155,1.035
-0.14,-0.825
-0.14,-0.81
-0.14,-0.795
-0.14,-0.78
-0.14,-0.765
-0.14,-0.75
-0.14,-0.735
-0.14,-0.72
-0.14,-0.705
-0.14,-0.69
-0.14,-0.675
-0.14,-0.66
-0.14,-0.645
-0.14,-0.63
-0.14,-0.615
-0.14,-0.6
-0.14,-0.585
-0.14,-0.57
-0.14,-0.555
-0.14,-0.54
-0.14,-0.525
-0.14,-0.51
-0.14,-0.495
-0.14,-0.48
-0.14,-0.465
-0.14,-0.45
-0.14,-0.435
-0.14,-0.42
-0.14,-0.405
-0.14,-0.39
-0.14,-0.375
-0.14,-0.36
-0.14,-0.345
-0.14,-0.33
-0.14,-0.315
-0.14,-0.3
-0.14,-0.285
-0.14,-0.27
-0.14,-0.255
-0.14,-0.24
-0.14,-0.225
-0.14,-0.21
-0.14,-0.195
-0.14,-0.18
-0.14,-0.165
-0.14,-0.15
-0.14,-0.135
-0.14,-0.12
-0.14,-0.105
-0.14,-0.09
-0.14,-0.075
-0.14,-0.06
-0.14,-0.045
-0.14,-0.03
-0.14,-0.015
-0.14,0
-0.14,0.015
-0.14,0.03
-0.14,0.045
-0.14,0.06
-0.14,0.075
-0.14,0.09
-0.14,0.105
-0.14,0.12
-0.14,0.135
-0.14,0.15
-0.14,0.165
-0.14,0.18
-0.14,0.195
-0.14,0.21
-0.14,0.225
-0.14,0.24
-0.14,0.255
-0.14,0.27
-0.14,0.285
-0.14,0.3
-0.14,0.315
-0.14,0.33
-0.14,0.345
-0.14,0.36
-0.14,0.375
-0.14,0.39
-0.14,0.405
-0.14,0.42
-0.14,0.435
-0.14,0.45
-0.14,0.465
-0.14,0.48
-0.14,0.495
-0.14,0.51
-0.14,0.525
-0.14,0.54
-0.14,0.555
-0.14,0.57
-0.14,0.585
-0.14,0.6
-0.14,0.615
-0.14,0.63
-0.14,0.645
-0.14,0.66
-0.14,0.675
-0.14,0.69
-0.14,0.705
-0.14,0.72
-0.14,0.735
-0.14,0.75
-0.14,0.765
-0.14,0.78
-0.14,0.795
-0.14,0.81
-0.14,0.825
-0.125,-0.87
-0.125,-0.855
-0.125,-0.825
-0.125,-0.81
-0.125,-0.795
-0.125,-0.78
-0.125,-0.765
-0.125,-0.75
-0.125,-0.735
-0.125,-0.72
-0.125,-0.705
-0.125,-0.69
-0.125,-0.675
-0.125,-0.66
-0.125,-0.645
-0.125,-0.63
-0.125,-0.615
-0.125,-0.6
-0.125,-0.585
-0.125,-0.57
-0.125,-0.555
-0.125,-0.54
-0.125,-0.525
-0.125,-0.51
-0.125,-0.495
-0.125,-0.48
-0.125,-0.465
-0.125,-0.45
-0.125,-0.435
-0.125,-0.42
-0.125,-0.405
-0.125,-0.39
-0.125,-0.375
-0.125,-0.36
-0.125,-0.345
-0.125,-0.33
-0.125,-0.315
-0.125,-0.3
-0.125,-0.285
-0.125,-0.27
-0.125,-0.255
-0.125,-0.24
-0.125,-0.225
-0.125,-0.21
-0.125,-0.195
-0.125,-0.18
-0.125,-0.165
-0.125,-0.15
-0.125,-0.135
-0.125,-0.12
-0.125,-0.105
-0.125,-0.09
-0.125,-0.075
-0.125,-0.06
-0.125,-0.045
-0.125,-0.03
-0.125,-0.015
-0.125,0
-0.125,0.015
-0.125,0.03
-0.125,0.045
-0.125,0.06
-0.125,0.075
-0.125,0.09
-0.125,0.105
-0.125,0.12
-0.125,0.135
-0.125,0.15
-0.125,0.165
-0.125,0.18
-0.125,0.195
-0.125,0.21
-0.125,0.225
-0.125,0.24
-0.125,0.255
-0.125,0.27
-0.125,0.285
-0.125,0.3
-0.125,0.315
-0.125,0.33
-0.125,0.345
-0.125,0.36
-0.125,0.375
-0.125,0.39
-0.125,0.405
-0.125,0.42
-0.125,0.435
-0.125,0.45
-0.125,0.465
-0.125,0.48
-0.125,0.495
-0.125,0.51
-0.125,0.525
-0.125,0.54
-0.125,0.555
-0.125,0.57
-0.125,0.585
-0.125,0.6
-0.125,0.615
-0.125,0.63
-0.125,0.645
-0.125,0.66
-0.125,0.675
-0.125,0.69
-0.125,0.705
-0.125,0.72
-0.125,0.735
-0.125,0.75
-0.125,0.765
-0.125,0.78
-0.125,0.795
-0.125,0.81
-0.125,0.825
-0.125,0.855
-0.125,0.87
-0.11,-0.885
-0.11,-0.87
-0.11,-0.855
-0.11,-0.84
-0.11,-0.825
-0.11,-0.81
-0.11,-0.795
-0.11,-0.78
-0.11,-0.765
-0.11,-0.75
-0.11,-0.735
-0.11,-0.72
-0.11,-0.705
-0.11,-0.69
-0.11,-0.675
-0.11,-0.66
-0.11,-0.645
-0.11,-0.63
-0.11,-0.615
-0.11,-0.6
-0.11,-0.585
-0.11,-0.57
-0.11,-0.555
-0.11,-0.54
-0.11,-0.525
-0.11,-0.51
-0.11,-0.495
-0.11,-0.48
-0.11,-0.465
-0.11,-0.45
-0.11,-0.435
-0.11,-0.42
-0.11,-0.405
-0.11,-0.39
-0.11,-0.375
-0.11,-0.36
-0.11,-0.345
-0.11,-0.33
-0.11,-0.315
-0.11,-0.3
-0.11,-0.285
-0.11,-0.27
-0.11,-0.255
-0.11,-0.24
-0.11,-0.225
-0.11,-0.21
-0.11,-0.195
-0.11,-0.18
-0.11,-0.165
-0.11,-0.15
-0.11,-0.135
-0.11,-0.12
-0.11,-0.105
-0.11,-0.09
-0.11,-0.075
-0.11,-0.06
-0.11,-0.045
-0.11,-0.03
-0.11,-0.015
-0.11,0
-0.11,0.015
-0.11,0.03
-0.11,0.045
-0.11,0.06
-0.11,0.075
-0.11,0.09
-0.11,0.105
-0.11,0.12
-0.11,0.135
-0.11,0.15
-0.11,0.165
-0.11,0.18
-0.11,0.195
-0.11,0.21
-0.11,0.225
-0.11,0.24
-0.11,0.255
-0.11,0.27
-0.11,0.285
-0.11,0.3
-0.11,0.315
-0.11,0.33
-0.11,0.345
-0.11,0.36
-0.11,0.375
-0.11,0.39
-0.11,0.405
-0.11,0.42
-0.11,0.435
-0.11,0.45
-0.11,0.465
-0.11,0.48
-0.11,0.495
-0.11,0.51
-0.11,0.525
-0.11,0.54
-0.11,0.555
-0.11,0.57
-0.11,0.585
-0.11,0.6
-0.11,0.615
-0.11,0.63
-0.11,0.645
-0.11,0.66
-0.11,0.675
-0.11,0.69
-0.11,0.705
-0.11,0.72
-0.11,0.735
-0.11,0.75
-0.11,0.765
-0.11,0.78
-0.11,0.795
-0.11,0.81
-0.11,0.825
-0.11,0.84
-0.11,0.855
-0.11,0.87
-0.11,0.885
-0.095,-0.87
-0.095,-0.855
-0.095,-0.825
-0.095,-0.81
-0.095,-0.795
-0.095,-0.78
-0.095,-0.765
-0.095,-0.75
-0.095,-0.735
-0.095,-0.72
-0.095,-0.705
-0.095,-0.69
-0.095,-0.675
-0.095,-0.66
-0.095,-0.645
-0.095,-0.63
-0.095,-0.615
-0.095,-0.6
-0.095,-0.585
-0.095,-0.57
-0.095,-0.555
-0.095,-0.54
-0.095,-0.525
-0.095,-0.51
-0.095,-0.495
-0.095,-0.48
-0.095,-0.465
-0.095,-0.45
-0.095,-0.435
-0.095,-0.42
-0.095,-0.405
-0.095,-0.39
-0.095,-0.375
-0.095,-0.36
-0.095,-0.345
-0.095,-0.33
-0.095,-0.315
-0.095,-0.3
-0.095,-0.285
-0.095,-0.27
-0.095,-0.255
-0.095,-0.24
-0.095,-0.225
-0.095,-0.21
-0.095,-0.195
-0.095,-0.18
-0.095,-0.165
-0.095,-0.15
-0.095,-0.135
-0.095,-0.12
-0.095,-0.105
-0.095,-0.09
-0.095,-0.075
-0.095,-0.06
-0.095,-0.045
-0.095,-0.03
-0.095,-0.015
-0.095,0
-0.095,0.015
-0.095,0.03
-0.095,0.045
-0.095,0.06
-0.095,0.075
-0.095,0.09
-0.095,0.105
-0.095,0.12
-0.095,0.135
-0.095,0.15
-0.095,0.165
-0.095,0.18
-0.095,0.195
-0.095,0.21
-0.095,0.225
-0.095,0.24
-0.095,0.255
-0.095,0.27
-0.095,0.285
-0.095,0.3
-0.095,0.315
-0.095,0.33
-0.095,0.345
-0.095,0.36
-0.095,0.375
-0.095,0.39
-0.095,0.405
-0.095,0.42
-0.095,0.435
-0.095,0.45
-0.095,0.465
-0.095,0.48
-0.095,0.495
-0.095,0.51
-0.095,0.525
-0.095,0.54
-0.095,0.555
-0.095,0.57
-0.095,0.585
-0.095,0.6
-0.095,0.615
-0.095,0.63
-0.095,0.645
-0.095,0.66
-0.095,0.675
-0.095,0.69
-0.095,0.705
-0.095,0.72
-0.095,0.735
-0.095,0.75
-0.095,0.765
-0.095,0.78
-0.095,0.795
-0.095,0.81
-0.095,0.825
-0.095,0.855
-0.095,0.87
-0.08,-0.825
-0.08,-0.81
-0.08,-0.795
-0.08,-0.78
-0.08,-0.765
-0.08,-0.75
-0.08,-0.735
-0.08,-0.72
-0.08,-0.705
-0.08,-0.69
-0.08,-0.675
-0.08,-0.645
-0.08,-0.63
-0.08,-0.615
-0.08,-0.6
-0.08,-0.585
-0.08,-0.57
-0.08,-0.555
-0.08,-0.54
-0.08,-0.525
-0.08,-0.51
-0.08,-0.495
-0.08,-0.48
-0.08,-0.465
-0.08,-0.45
-0.08,-0.435
-0.08,-0.42
-0.08,-0.405
-0.08,-0.39
-0.08,-0.375
-0.08,-0.36
-0.08,-0.345
-0.08,-0.33
-0.08,-0.315
-0.08,-0.3
-0.08,-0.285
-0.08,-0.27
-0.08,-0.255
-0.08,-0.24
-0.08,-0.225
-0.08,-0.21
-0.08,-0.195
-0.08,-0.18
-0.08,-0.165
-0.08,-0.15
-0.08,-0.135
-0.08,-0.12
-0.08,-0.105
-0.08,-0.09
-0.08,-0.075
-0.08,-0.06
-0.08,-0.045
-0.08,-0.03
-0.08,-0.015
-0.08,0
-0.08,0.015
-0.08,0.03
-0.08,0.045
-0.08,0.06
-0.08,0.075
-0.08,0.09
-0.08,0.105
-0.08,0.12
-0.08,0.135
-0.08,0.15
-0.08,0.165
-0.08,0.18
-0.08,0.195
-0.08,0.21
-0.08,0.225
-0.08,0.24
-0.08,0.255
-0.08,0.27
-0.08,0.285
-0.08,0.3
-0.08,0.315
-0.08,0.33
-0.08,0.345
-0.08,0.36
-0.08,0.375
-0.08,0.39
-0.08,0.405
-0.08,0.42
-0.08,0.435
-0.08,0.45
-0.08,0.465
-0.08,0.48
-0.08,0.495
-0.08,0.51
-0.08,0.525
-0.08,0.54
-0.08,0.555
-0.08,0.57
-0.08,0.585
-0.08,0.6
-0.08,0.615
-0.08,0.63
-0.08,0.645
-0.08,0.675
-0.08,0.69
-0.08,0.705
-0.08,0.72
-0.08,0.735
-0.08,0.75
-0.08,0.765
-0.08,0.78
-0.08,0.795
-0.08,0.81
-0.08,0.825
-0.065,-0.81
-0.065,-0.795
-0.065,-0.78
-0.065,-0.765
-0.065,-0.75
-0.065,-0.735
-0.065,-0.72
-0.065,-0.705
-0.065,-0.69
-0.065,-0.675
-0.065,-0.645
-0.065,-0.63
-0.065,-0.615
-0.065,-0.6
-0.065,-0.585
-0.065,-0.57
-0.065,-0.555
-0.065,-0.54
-0.065,-0.525
-0.065,-0.51
-0.065,-0.495
-0.065,-0.48
-0.065,-0.465
-0.065,-0.45
-0.065,-0.435
-0.065,-0.42
-0.065,-0.405
-0.065,-0.39
-0.065,-0.375
-0.065,-0.36
-0.065,-0.345
-0.065,-0.33
-0.065,-0.315
-0.065,-0.3
-0.065,-0.285
-0.065,-0.27
-0.065,-0.255
-0.065,-0.24
-0.065,-0.225
-0.065,-0.21
-0.065,-0.195
-0.065,-0.18
-0.065,-0.165
-0.065,-0.15
-0.065,-0.135
-0.065,-0.12
-0.065,-0.105
-0.065,-0.09
-0.065,-0.075
-0.065,-0.06
-0.065,-0.045
-0.065,-0.03
-0.065,-0.015
-0.065,0
-0.065,0.015
-0.065,0.03
-0.065,0.045
-0.065,0.06
-0.065,0.075
-0.065,0.09
-0.065,0.105
-0.065,0.12
-0.065,0.135
-0.065,0.15
-0.065,0.165
-0.065,0.18
-0.065,0.195
-0.065,0.21
-0.065,0.225
-0.065,0.24
-0.065,0.255
-0.065,0.27
-0.065,0.285
-0.065,0.3
-0.065,0.315
-0.065,0.33
-0.065,0.345
-0.065,0.36
-0.065,0.375
-0.065,0.39
-0.065,0.405
-0.065,0.42
-0.065,0.435
-0.065,0.45
-0.065,0.465
-0.065,0.48
-0.065,0.495
-0.065,0.51
-0.065,0.525
-0.065,0.54
-0.065,0.555
-0.065,0.57
-0.065,0.585
-0.065,0.6
-0.065,0.615
-0.065,0.63
-0.065,0.645
-0.065,0.675
-0.065,0.69
-0.065,0.705
-0.065,0.72
-0.065,0.735
-0.065,0.75
-0.065,0.765
-0.065,0.78
-0.065,0.795
-0.065,0.81
-0.05,-0.795
-0.05,-0.78
-0.05,-0.765
-0.05,-0.75
-0.05,-0.735
-0.05,-0.72
-0.05,-0.705
-0.05,-0.69
-0.05,-0.63
-0.05,-0.615
-0.05,-0.6
-0.05,-0.585
-0.05,-0.57
-0.05,-0.555
-0.05,-0.54
-0.05,-0.525
-0.05,-0.51
-0.05,-0.495
-0.05,-0.48
-0.05,-0.465
-0.05,-0.45
-0.05,-0.435
-0.05,-0.42
-0.05,-0.405
-0.05,-0.39
-0.05,-0.375
-0.05,-0.36
-0.05,-0.345
-0.05,-0.33
-0.05,-0.315
-0.05,-0.3
-0.05,-0.285
-0.05,-0.27
-0.05,-0.255
-0.05,-0.24
-0.05,-0.225
-0.05,-0.21
-0.05,-0.195
-0.05,-0.18
-0.05,-0.165
-0.05,-0.15
-0.05,-0.135
-0.05,-0.12
-0.05,-0.105
-0.05,-0.09
-0.05,-0.075
-0.05,-0.06
-0.05,-0.045
-0.05,-0.03
-0.05,-0.015
-0.05,0
-0.05,0.015
-0.05,0.03
-0.05,0.045
-0.05,0.06
-0.05,0.075
-0.05,0.09
-0.05,0.105
-0.05,0.12
-0.05,0.135
-0.05,0.15
-0.05,0.165
-0.05,0.18
-0.05,0.195
-0.05,0.21
-0.05,0.225
-0.05,0.24
-0.05,0.255
-0.05,0.27
-0.05,0.285
-0.05,0.3
-0.05,0.315
-0.05,0.33
-0.05,0.345
-0.05,0.36
-0.05,0.375
-0.05,0.39
-0.05,0.405
-0.05,0.42
-0.05,0.435
-0.05,0.45
-0.05,0.465
-0.05,0.48
-0.05,0.495
-0.05,0.51
-0.05,0.525
-0.05,0.54
-0.05,0.555
-0.05,0.57
-0.05,0.585
-0.05,0.6
-0.05,0.615
-0.05,0.63
-0.05,0.69
-0.05,0.705
-0.05,0.72
-0.05,0.735
-0.05,0.75
-0.05,0.765
-0.05,0.78
-0.05,0.795
-0.035,-0.795
-0.035,-0.765
-0.035,-0.75
-0.035,-0.735
-0.035,-0.72
-0.035,-0.63
-0.035,-0.615
-0.035,-0.6
-0.035,-0.585
-0.035,-0.57
-0.035,-0.555
-0.035,-0.54
-0.035,-0.525
-0.035,-0.51
-0.035,-0.495
-0.035,-0.48
-0.035,-0.465
-0.035,-0.45
-0.035,-0.435
-0.035,-0.42
-0.035,-0.405
-0.035,-0.39
-0.035,-0.375
-0.035,-0.36
-0.035,-0.345
-0.035,-0.33
-0.035,-0.315
-0.035,-0.3
-0.035,-0.285
-0.035,-0.27
-0.035,-0.255
-0.035,-0.24
-0.035,-0.225
-0.035,-0.21
-0.035,-0.195
-0.035,-0.18
-0.035,-0.165
-0.035,-0.15
-0.035,-0.135
-0.035,-0.12
-0.035,-0.105
-0.035,-0.09
-0.035,-0.075
-0.035,-0.06
-0.035,-0.045
-0.035,-0.03
-0.035,-0.015
-0.035,0
-0.035,0.015
-0.035,0.03
-0.035,0.045
-0.035,0.06
-0.035,0.075
-0.035,0.09
-0.035,0.105
-0.035,0.12
-0.035,0.135
-0.035,0.15
-0.035,0.165
-0.035,0.18
-0.035,0.195
-0.035,0.21
-0.035,0.225
-0.035,0.24
-0.035,0.255
-0.035,0.27
-0.035,0.285
-0.035,0.3
-0.035,0.315
-0.035,0.33
-0.035,0.345
-0.035,0.36
-0.035,0.375
-0.035,0.39
-0.035,0.405
-0.035,0.42
-0.035,0.435
-0.035,0.45
-0.035,0.465
-0.035,0.48
-0.035,0.495
-0.035,0.51
-0.035,0.525
-0.035,0.54
-0.035,0.555
-0.035,0.57
-0.035,0.585
-0.035,0.6
-0.035,0.615
-0.035,0.63
-0.035,0.72
-0.035,0.735
-0.035,0.75
-0.035,0.765
-0.035,0.795
-0.02,-0.795
-0.02,-0.63
-0.02,-0.615
-0.02,-0.6
-0.02,-0.585
-0.02,-0.57
-0.02,-0.555
-0.02,-0.54
-0.02,-0.525
-0.02,-0.51
-0.02,-0.495
-0.02,-0.48
-0.02,-0.465
-0.02,-0.45
-0.02,-0.435
-0.02,-0.42
-0.02,-0.405
-0.02,-0.39
-0.02,-0.375
-0.02,-0.36
-0.02,-0.345
-0.02,-0.33
-0.02,-0.315
-0.02,-0.3
-0.02,-0.285
-0.02,-0.27
-0.02,-0.255
-0.02,-0.24
-0.02,-0.225
-0.02,-0.21
-0.02,-0.195
-0.02,-0.18
-0.02,-0.165
-0.02,-0.15
-0.02,-0.135
-0.02,-0.12
-0.02,-0.105
-0.02,-0.09
-0.02,-0.075
-0.02,-0.06
-0.02,-0.045
-0.02,-0.03
-0.02,-0.015
-0.02,0
-0.02,0.015
-0.02,0.03
-0.02,0.045
-0.02,0.06
-0.02,0.075
-0.02,0.09
-0.02,0.105
-0.02,0.12
-0.02,0.135
-0.02,0.15
-0.02,0.165
-0.02,0.18
-0.02,0.195
-0.02,0.21
-0.02,0.225
-0.02,0.24
-0.02,0.255
-0.02,0.27
-0.02,0.285
-0.02,0.3
-0.02,0.315
-0.02,0.33
-0.02,0.345
-0.02,0.36
-0.02,0.375
-0.02,0.39
-0.02,0.405
-0.02,0.42
-0.02,0.435
-0.02,0.45
-0.02,0.465
-0.02,0.48
-0.02,0.495
-0.02,0.51
-0.02,0.525
-0.02,0.54
-0.02,0.555
-0.02,0.57
-0.02,0.585
-0.02,0.6
-0.02,0.615
-0.02,0.63
-0.02,0.795
-0.005,-0.63
-0.005,-0.615
-0.005,-0.6
-0.005,-0.585
-0.005,-0.57
-0.005,-0.555
-0.005,-0.54
-0.005,-0.525
-0.005,-0.51
-0.005,-0.495
-0.005,-0.48
-0.005,-0.465
-0.005,-0.45
-0.005,-0.435
-0.005,-0.42
-0.005,-0.405
-0.005,-0.39
-0.005,-0.375
-0.005,-0.36
-0.005,-0.345
-0.005,-0.33
-0.005,-0.315
-0.005,-0.3
-0.005,-0.285
-0.005,-0.27
-0.005,-0.255
-0.005,-0.24
-0.005,-0.225
-0.005,-0.21
-0.005,-0.195
-0.005,-0.18
-0.005,-0.165
-0.005,-0.15
-0.005,-0.135
-0.005,-0.12
-0.005,-0.105
-0.005,-0.09
-0.005,-0.075
-0.005,-0.06
-0.005,-0.045
-0.005,-0.03
-0.005,-0.015
-0.005,0
-0.005,0.015
-0.005,0.03
-0.005,0.045
-0.005,0.06
-0.005,0.075
-0.005,0.09
-0.005,0.105
-0.005,0.12
-0.005,0.135
-0.005,0.15
-0.005,0.165
-0.005,0.18
-0.005,0.195
-0.005,0.21
-0.005,0.225
-0.005,0.24
-0.005,0.255
-0.005,0.27
-0.005,0.285
-0.005,0.3
-0.005,0.315
-0.005,0.33
-0.005,0.345
-0.005,0.36
-0.005,0.375
-0.005,0.39
-0.005,0.405
-0.005,0.42
-0.005,0.435
-0.005,0.45
-0.005,0.465
-0.005,0.48
-0.005,0.495
-0.005,0.51
-0.005,0.525
-0.005,0.54
-0.005,0.555
-0.005,0.57
-0.005,0.585
-0.005,0.6
-0.005,0.615
-0.005,0.63
0.01,-0.63
0.01,-0.615
0.01,-0.6
0.01,-0.585
0.01,-0.57
0.01,-0.555
0.01,-0.54
0.01,-0.525
0.01,-0.51
0.01,-0.495
0.01,-0.48
0.01,-0.465
0.01,-0.45
0.01,-0.435
0.01,-0.42
0.01,-0.405
0.01,-0.39
0.01,-0.375
0.01,-0.36
0.01,-0.345
0.01,-0.33
0.01,-0.315
0.01,-0.3
0.01,-0.285
0.01,-0.27
0.01,-0.255
0.01,-0.24
0.01,-0.225
0.01,-0.21
0.01,-0.195
0.01,-0.18
0.01,-0.165
0.01,-0.15
0.01,-0.135
0.01,-0.12
0.01,-0.105
0.01,-0.09
0.01,-0.075
0.01,-0.06
0.01,-0.045
0.01,-0.03
0.01,-0.015
0.01,0
0.01,0.015
0.01,0.03
0.01,0.045
0.01,0.06
0.01,0.075
0.01,0.09
0.01,0.105
0.01,0.12
0.01,0.135
0.01,0.15
0.01,0.165
0.01,0.18
0.01,0.195
0.01,0.21
0.01,0.225
0.01,0.24
0.01,0.255
0.01,0.27
0.01,0.285
0.01,0.3
0.01,0.315
0.01,0.33
0.01,0.345
0.01,0.36
0.01,0.375
0.01,0.39
0.01,0.405
0.01,0.42
0.01,0.435
0.01,0.45
0.01,0.465
0.01,0.48
0.01,0.495
0.01,0.51
0.01,0.525
0.01,0.54
0.01,0.555
0.01,0.57
0.01,0.585
0.01,0.6
0.01,0.615
0.01,0.63
0.025,-0.615
0.025,-0.6
0.025,-0.585
0.025,-0.57
0.025,-0.555
0.025,-0.54
0.025,-0.525
0.025,-0.51
0.025,-0.495
0.025,-0.48
0.025,-0.465
0.025,-0.45
0.025,-0.435
0.025,-0.42
0.025,-0.405
0.025,-0.39
0.025,-0.375
0.025,-0.36
0.025,-0.345
0.025,-0.33
0.025,-0.315
0.025,-0.3
0.025,-0.285
0.025,-0.27
0.025,-0.255
0.025,-0.24
0.025,-0.225
0.025,-0.21
0.025,-0.195
0.025,-0.18
0.025,-0.165
0.025,-0.15
0.025,-0.135
0.025,-0.12
0.025,-0.105
0.025,-0.09
0.025,-0.075
0.025,-0.06
0.025,-0.045
0.025,-0.03
0.025,-0.015
0.025,0
0.025,0.015
0.025,0.03
0.025,0.045
0.025,0.06
0.025,0.075
0.025,0.09
0.025,0.105
0.025,0.12
0.025,0.135
0.025,0.15
0.025,0.165
0.025,0.18
0.025,0.195
0.025,0.21
0.025,0.225
0.025,0.24
0.025,0.255
0.025,0.27
0.025,0.285
0.025,0.3
0.025,0.315
0.025,0.33
0.025,0.345
0.025,0.36
0.025,0.375
0.025,0.39
0.025,0.405
0.025,0.42
0.025,0.435
0.025,0.45
0.025,0.465
0.025,0.48
0.025,0.495
0.025,0.51
0.025,0.525
0.025,0.54
0.025,0.555
0.025,0.57
0.025,0.585
0.025,0.6
0.025,0.615
0.04,-0.615
0.04,-0.6
0.04,-0.585
0.04,-0.57
0.04,-0.555
0.04,-0.54
0.04,-0.525
0.04,-0.51
0.04,-0.495
0.04,-0.48
0.04,-0.465
0.04,-0.45
0.04,-0.435
0.04,-0.42
0.04,-0.405
0.04,-0.39
0.04,-0.375
0.04,-0.36
0.04,-0.345
0.04,-0.33
0.04,-0.315
0.04,-0.3
0.04,-0.285
0.04,-0.27
0.04,-0.255
0.04,-0.24
0.04,-0.225
0.04,-0.21
0.04,-0.195
0.04,-0.18
0.04,-0.165
0.04,-0.15
0.04,-0.135
0.04,-0.12
0.04,-0.105
0.04,-0.09
0.04,-0.075
0.04,-0.06
0.04,-0.045
0.04,-0.03
0.04,-0.015
0.04,0
0.04,0.015
0.04,0.03
0.04,0.045
0.04,0.06
0.04,0.075
0.04,0.09
0.04,0.105
0.04,0.12
0.04,0.135
0.04,0.15
0.04,0.165
0.04,0.18
0.04,0.195
0.04,0.21
0.04,0.225
0.04,0.24
0.04,0.255
0.04,0.27
0.04,0.285
0.04,0.3
0.04,0.315
0.04,0.33
0.04,0.345
0.04,0.36
0.04,0.375
0.04,0.39
0.04,0.405
0.04,0.42
0.04,0.435
0.04,0.45
0.04,0.465
0.04,0.48
0.04,0.495
0.04,0.51
0.04,0.525
0.04,0.54
0.04,0.555
0.04,0.57
0.04,0.585
0.04,0.6
0.04,0.615
0.055,-0.63
0.055,-0.615
0.055,-0.6
0.055,-0.585
0.055,-0.57
0.055,-0.555
0.055,-0.54
0.055,-0.525
0.055,-0.51
0.055,-0.495
0.055,-0.48
0.055,-0.465
0.055,-0.45
0.055,-0.435
0.055,-0.42
0.055,-0.405
0.055,-0.39
0.055,-0.375
0.055,-0.36
0.055,-0.345
0.055,-0.33
0.055,-0.315
0.055,-0.3
0.055,-0.285
0.055,-0.27
0.055,-0.255
0.055,-0.24
0.055,-0.225
0.055,-0.21
0.055,-0.195
0.055,-0.18
0.055,-0.165
0.055,-0.15
0.055,-0.135
0.055,-0.12
0.055,-0.105
0.055,-0.09
0.055,-0.075
0.055,-0.06
0.055,-0.045
0.055,-0.03
0.055,-0.015
0.055,0
0.055,0.015
0.055,0.03
0.055,0.045
0.055,0.06
0.055,0.075
0.055,0.09
0.055,0.105
0.055,0.12
0.055,0.135
0.055,0.15
0.055,0.165
0.055,0.18
0.055,0.195
0.055,0.21
0.055,0.225
0.055,0.24
0.055,0.255
0.055,0.27
0.055,0.285
0.055,0.3
0.055,0.315
0.055,0.33
0.055,0.345
0.055,0.36
0.055,0.375
0.055,0.39
0.055,0.405
0.055,0.42
0.055,0.435
0.055,0.45
0.055,0.465
0.055,0.48
0.055,0.495
0.055,0.51
0.055,0.525
0.055,0.54
0.055,0.555
0.055,0.57
0.055,0.585
0.055,0.6
0.055,0.615
0.055,0.63
0.07,-0.6
0.07,-0.585
0.07,-0.57
0.07,-0.555
0.07,-0.54
0.07,-0.525
0.07,-0.51
0.07,-0.495
0.07,-0.48
0.07,-0.465
0.07,-0.45
0.07,-0.435
0.07,-0.42
0.07,-0.405
0.07,-0.39
0.07,-0.375
0.07,-0.36
0.07,-0.345
0.07,-0.33
0.07,-0.315
0.07,-0.3
0.07,-0.285
0.07,-0.27
0.07,-0.255
0.07,-0.24
0.07,-0.225
0.07,-0.21
0.07,-0.195
0.07,-0.18
0.07,-0.165
0.07,-0.15
0.07,-0.135
0.07,-0.12
0.07,-0.105
0.07,-0.09
0.07,-0.075
0.07,-0.06
0.07,-0.045
0.07,-0.03
0.07,-0.015
0.07,0
0.07,0.015
0.07,0.03
0.07,0.045
0.07,0.06
0.07,0.075
0.07,0.09
0.07,0.105
0.07,0.12
0.07,0.135
0.07,0.15
0.07,0.165
0.07,0.18
0.07,0.195
0.07,0.21
0.07,0.225
0.07,0.24
0.07,0.255
0.07,0.27
0.07,0.285
0.07,0.3
0.07,0.315
0.07,0.33
0.07,0.345
0.07,0.36
0.07,0.375
0.07,0.39
0.07,0.405
0.07,0.42
0.07,0.435
0.07,0.45
0.07,0.465
0.07,0.48
0.07,0.495
0.07,0.51
0.07,0.525
0.07,0.54
0.07,0.555
0.07,0.57
0.07,0.585
0.07,0.6
0.085,-0.6
0.085,-0.585
0.085,-0.57
0.085,-0.555
0.085,-0.54
0.085,-0.525
0.085,-0.51
0.085,-0.495
0.085,-0.48
0.085,-0.465
0.085,-0.45
0.085,-0.435
0.085,-0.42
0.085,-0.405
0.085,-0.39
0.085,-0.375
0.085,-0.36
0.085,-0.345
0.085,-0.33
0.085,-0.315
0.085,-0.3
0.085,-0.285
0.085,-0.27
0.085,-0.255
0.085,-0.24
0.085,-0.225
0.085,-0.21
0.085,-0.195
0.085,-0.18
0.085,-0.165
0.085,-0.15
0.085,-0.135
0.085,-0.12
0.085,-0.105
0.085,-0.09
0.085,-0.075
0.085,-0.06
0.085,-0.045
0.085,-0.03
0.085,-0.015
0.085,0
0.085,0.015
0.085,0.03
0.085,0.045
0.085,0.06
0.085,0.075
0.085,0.09
0.085,0.105
0.085,0.12
0.085,0.135
0.085,0.15
0.085,0.165
0.085,0.18
0.085,0.195
0.085,0.21
0.085,0.225
0.085,0.24
0.085,0.255
0.085,0.27
0.085,0.285
0.085,0.3
0.085,0.315
0.085,0.33
0.085,0.345
0.085,0.36
0.085,0.375
0.085,0.39
0.085,0.405
0.085,0.42
0.085,0.435
0.085,0.45
0.085,0.465
0.085,0.48
0.085,0.495
0.085,0.51
0.085,0.525
0.085,0.54
0.085,0.555
0.085,0.57
0.085,0.585
0.085,0.6
0.1,-0.6
0.1,-0.585
0.1,-0.57
0.1,-0.555
0.1,-0.54
0.1,-0.525
0.1,-0.51
0.1,-0.495
0.1,-0.48
0.1,-0.465
0.1,-0.45
0.1,-0.435
0.1,-0.42
0.1,-0.405
0.1,-0.39
0.1,-0.375
0.1,-0.36
0.1,-0.345
0.1,-0.33
0.1,-0.315
0.1,-0.3
0.1,-0.285
0.1,-0.27
0.1,-0.255
0.1,-0.24
0.1,-0.225
0.1,-0.21
0.1,-0.195
0.1,-0.18
0.1,-0.165
0.1,-0.15
0.1,-0.135
0.1,-0.12
0.1,-0.105
0.1,-0.09
0.1,-0.075
0.1,-0.06
0.1,-0.045
0.1,-0.03
0.1,-0.015
0.1,0
0.1,0.015
0.1,0.03
0.1,0.045
0.1,0.06
0.1,0.075
0.1,0.09
0.1,0.105
0.1,0.12
0.1,0.135
0.1,0.15
0.1,0.165
0.1,0.18
0.1,0.195
0.1,0.21
0.1,0.225
0.1,0.24
0.1,0.255
0.1,0.27
0.1,0.285
0.1,0.3
0.1,0.315
0.1,0.33
0.1,0.345
0.1,0.36
0.1,0.375
0.1,0.39
0.1,0.405
0.1,0.42
0.1,0.435
0.1,0.45
0.1,0.465
0.1,0.48
0.1,0.495
0.1,0.51
0.1,0.525
0.1,0.54
0.1,0.555
0.1,0.57
0.1,0.585
0.1,0.6
0.115,-0.615
0.115,-0.6
0.115,-0.585
0.115,-0.57
0.115,-0.555
0.115,-0.54
0.115,-0.525
0.115,-0.51
0.115,-0.495
0.115,-0.48
0.115,-0.465
0.115,-0.45
0.115,-0.435
0.115,-0.42
0.115,-0.405
0.115,-0.39
0.115,-0.375
0.115,-0.36
0.115,-0.345
0.115,-0.33
0.115,-0.315
0.115,-0.3
0.115,-0.285
0.115,-0.27
0.115,-0.255
0.115,-0.24
0.115,-0.225
0.115,-0.21
0.115,-0.195
0.115,-0.18
0.115,-0.165
0.115,-0.15
0.115,-0.135
0.115,-0.12
0.115,-0.105
0.115,-0.09
0.115,-0.075
0.115,-0.06
0.115,-0.045
0.115,-0.03
0.115,-0.015
0.115,0
0.115,0.015
0.115,0.03
0.115,0.045
0.115,0.06
0.115,0.075
0.115,0.09
0.115,0.105
0.115,0.12
0.115,0.135
0.115,0.15
0.115,0.165
0.115,0.18
0.115,0.195
0.115,0.21
0.115,0.225
0.115,0.24
0.115,0.255
0.115,0.27
0.115,0.285
0.115,0.3
0.115,0.315
0.115,0.33
0.115,0.345
0.115,0.36
0.115,0.375
0.115,0.39
0.115,0.405
0.115,0.42
0.115,0.435
0.115,0.45
0.115,0.465
0.115,0.48
0.115,0.495
0.115,0.51
0.115,0.525
0.115,0.54
0.115,0.555
0.115,0.57
0.115,0.585
0.115,0.6
0.115,0.615
0.13,-0.63
0.13,-0.615
0.13,-0.6
0.13,-0.585
0.13,-0.57
0.13,-0.555
0.13,-0.54
0.13,-0.525
0.13,-0.51
0.13,-0.495
0.13,-0.48
0.13,-0.465
0.13,-0.45
0.13,-0.435
0.13,-0.42
0.13,-0.405
0.13,-0.39
0.13,-0.375
0.13,-0.36
0.13,-0.345
0.13,-0.33
0.13,-0.315
0.13,-0.3
0.13,-0.285
0.13,-0.27
0.13,-0.255
0.13,-0.24
0.13,-0.225
0.13,-0.21
0.13,-0.195
0.13,-0.18
0.13,-0.165
0.13,-0.15
0.13,-0.135
0.13,-0.12
0.13,-0.105
0.13,-0.09
0.13,-0.075
0.13,-0.06
0.13,-0.045
0.13,-0.03
0.13,-0.015
0.13,0
0.13,0.015
0.13,0.03
0.13,0.045
0.13,0.06
0.13,0.075
0.13,0.09
0.13,0.105
0.13,0.12
0.13,0.135
0.13,0.15
0.13,0.165
0.13,0.18
0.13,0.195
0.13,0.21
0.13,0.225
0.13,0.24
0.13,0.255
0.13,0.27
0.13,0.285
0.13,0.3
0.13,0.315
0.13,0.33
0.13,0.345
0.13,0.36
0.13,0.375
0.13,0.39
0.13,0.405
0.13,0.42
0.13,0.435
0.13,0.45
0.13,0.465
0.13,0.48
0.13,0.495
0.13,0.51
0.13,0.525
0.13,0.54
0.13,0.555
0.13,0.57
0.13,0.585
0.13,0.6
0.13,0.615
0.13,0.63
0.145,-0.57
0.145,-0.555
0.145,-0.54
0.145,-0.525
0.145,-0.51
0.145,-0.495
0.145,-0.48
0.145,-0.465
0.145,-0.45
0.145,-0.435
0.145,-0.42
0.145,-0.405
0.145,-0.39
0.145,-0.375
0.145,-0.36
0.145,-0.345
0.145,-0.33
0.145,-0.315
0.145,-0.3
0.145,-0.285
0.145,-0.27
0.145,-0.255
0.145,-0.24
0.145,-0.225
0.145,-0.21
0.145,-0.195
0.145,-0.18
0.145,-0.165
0.145,-0.15
0.145,-0.135
0.145,-0.12
0.145,-0.105
0.145,-0.09
0.145,-0.075
0.145,-0.06
0.145,-0.045
0.145,-0.03
0.145,-0.015
0.145,0
0.145,0.015
0.145,0.03
0.145,0.045
0.145,0.06
0.145,0.075
0.145,0.09
0.145,0.105
0.145,0.12
0.145,0.135
0.145,0.15
0.145,0.165
0.145,0.18
0.145,0.195
0.145,0.21
0.145,0.225
0.145,0.24
0.145,0.255
0.145,0.27
0.145,0.285
0.145,0.3
0.145,0.315
0.145,0.33
0.145,0.345
0.145,0.36
0.145,0.375
0.145,0.39
0.145,0.405
0.145,0.42
0.145,0.435
0.145,0.45
0.145,0.465
0.145,0.48
0.145,0.495
0.145,0.51
0.145,0.525
0.145,0.54
0.145,0.555
0.145,0.57
0.16,-0.57
0.16,-0.555
0.16,-0.54
0.16,-0.525
0.16,-0.51
0.16,-0.495
0.16,-0.48
0.16,-0.465
0.16,-0.45
0.16,-0.435
0.16,-0.42
0.16,-0.405
0.16,-0.39
0.16,-0.375
0.16,-0.36
0.16,-0.345
0.16,-0.33
0.16,-0.315
0.16,-0.3
0.16,-0.285
0.16,-0.27
0.16,-0.255
0.16,-0.24
0.16,-0.225
0.16,-0.21
0.16,-0.195
0.16,-0.18
0.16,-0.165
0.16,-0.15
0.16,-0.135
0.16,-0.12
0.16,-0.105
0.16,-0.09
0.16,-0.075
0.16,-0.06
0.16,-0.045
0.16,-0.03
0.16,-0.015
0.16,0
0.16,0.015
0.16,0.03
0.16,0.045
0.16,0.06
0.16,0.075
0.16,0.09
0.16,0.105
0.16,0.12
0.16,0.135
0.16,0.15
0.16,0.165
0.16,0.18
0.16,0.195
0.16,0.21
0.16,0.225
0.16,0.24
0.16,0.255
0.16,0.27
0.16,0.285
0.16,0.3
0.16,0.315
0.16,0.33
0.16,0.345
0.16,0.36
0.16,0.375
0.16,0.39
0.16,0.405
0.16,0.42
0.16,0.435
0.16,0.45
0.16,0.465
0.16,0.48
0.16,0.495
0.16,0.51
0.16,0.525
0.16,0.54
0.16,0.555
0.16,0.57
0.175,-0.57
0.175,-0.555
0.175,-0.54
0.175,-0.525
0.175,-0.51
0.175,-0.495
0.175,-0.48
0.175,-0.465
0.175,-0.45
0.175,-0.435
0.175,-0.42
0.175,-0.405
0.175,-0.39
0.175,-0.375
0.175,-0.36
0.175,-0.345
0.175,-0.33
0.175,-0.315
0.175,-0.3
0.175,-0.285
0.175,-0.27
0.175,-0.255
0.175,-0.24
0.175,-0.225
0.175,-0.21
0.175,-0.195
0.175,-0.18
0.175,-0.165
0.175,-0.15
0.175,-0.135
0.175,-0.12
0.175,-0.105
0.175,-0.09
0.175,-0.075
0.175,-0.06
0.175,-0.045
0.175,-0.03
0.175,-0.015
0.175,0
0.175,0.015
0.175,0.03
0.175,0.045
0.175,0.06
0.175,0.075
0.175,0.09
0.175,0.105
0.175,0.12
0.175,0.135
0.175,0.15
0.175,0.165
0.175,0.18
0.175,0.195
0.175,0.21
0.175,0.225
0.175,0.24
0.175,0.255
0.175,0.27
0.175,0.285
0.175,0.3
0.175,0.315
0.175,0.33
0.175,0.345
0.175,0.36
0.175,0.375
0.175,0.39
0.175,0.405
0.175,0.42
0.175,0.435
0.175,0.45
0.175,0.465
0.175,0.48
0.175,0.495
0.175,0.51
0.175,0.525
0.175,0.54
0.175,0.555
0.175,0.57
0.19,-0.54
0.19,-0.525
0.19,-0.51
0.19,-0.495
0.19,-0.48
0.19,-0.465
0.19,-0.45
0.19,-0.435
0.19,-0.42
0.19,-0.405
0.19,-0.39
0.19,-0.375
0.19,-0.36
0.19,-0.345
0.19,-0.33
0.19,-0.315
0.19,-0.3
0.19,-0.285
0.19,-0.27
0.19,-0.255
0.19,-0.24
0.19,-0.225
0.19,-0.21
0.19,-0.195
0.19,-0.18
0.19,-0.165
0.19,-0.15
0.19,-0.135
0.19,-0.12
0.19,-0.105
0.19,-0.09
0.19,-0.075
0.19,-0.06
0.19,-0.045
0.19,-0.03
0.19,-0.015
0.19,0
0.19,0.015
0.19,0.03
0.19,0.045
0.19,0.06
0.19,0.075
0.19,0.09
0.19,0.105
0.19,0.12
0.19,0.135
0.19,0.15
0.19,0.165
0.19,0.18
0.19,0.195
0.19,0.21
0.19,0.225
0.19,0.24
0.19,0.255
0.19,0.27
0.19,0.285
0.19,0.3
0.19,0.315
0.19,0.33
0.19,0.345
0.19,0.36
0.19,0.375
0.19,0.39
0.19,0.405
0.19,0.42
0.19,0.435
0.19,0.45
0.19,0.465
0.19,0.48
0.19,0.495
0.19,0.51
0.19,0.525
0.19,0.54
0.205,-0.54
0.205,-0.525
0.205,-0.51
0.205,-0.495
0.205,-0.48
0.205,-0.465
0.205,-0.45
0.205,-0.435
0.205,-0.42
0.205,-0.405
0.205,-0.39
0.205,-0.375
0.205,-0.36
0.205,-0.345
0.205,-0.33
0.205,-0.315
0.205,-0.3
0.205,-0.285
0.205,-0.27
0.205,-0.255
0.205,-0.24
0.205,-0.225
0.205,-0.21
0.205,-0.195
0.205,-0.18
0.205,-0.165
0.205,-0.15
0.205,-0.135
0.205,-0.12
0.205,-0.105
0.205,-0.09
0.205,-0.075
0.205,-0.06
0.205,-0.045
0.205,-0.03
0.205,-0.015
0.205,0
0.205,0.015
0.205,0.03
0.205,0.045
0.205,0.06
0.205,0.075
0.205,0.09
0.205,0.105
0.205,0.12
0.205,0.135
0.205,0.15
0.205,0.165
0.205,0.18
0.205,0.195
0.205,0.21
0.205,0.225
0.205,0.24
0.205,0.255
0.205,0.27
0.205,0.285
0.205,0.3
0.205,0.315
0.205,0.33
0.205,0.345
0.205,0.36
0.205,0.375
0.205,0.39
0.205,0.405
0.205,0.42
0.205,0.435
0.205,0.45
0.205,0.465
0.205,0.48
0.205,0.495
0.205,0.51
0.205,0.525
0.205,0.54
0.22,-0.525
0.22,-0.51
0.22,-0.495
0.22,-0.48
0.22,-0.465
0.22,-0.45
0.22,-0.435
0.22,-0.42
0.22,-0.405
0.22,-0.39
0.22,-0.375
0.22,-0.36
0.22,-0.345
0.22,-0.33
0.22,-0.315
0.22,-0.3
0.22,-0.285
0.22,-0.27
0.22,-0.255
0.22,-0.24
0.22,-0.225
0.22,-0.21
0.22,-0.195
0.22,-0.18
0.22,-0.165
0.22,-0.15
0.22,-0.135
0.22,-0.12
0.22,-0.105
0.22,-0.09
0.22,-0.075
0.22,-0.06
0.22,-0.045
0.22,-0.03
0.22,-0.015
0.22,0
0.22,0.015
0.22,0.03
0.22,0.045
0.22,0.06
0.22,0.075
0.22,0.09
0.22,0.105
0.22,0.12
0.22,0.135
0.22,0.15
0.22,0.165
0.22,0.18
0.22,0.195
0.22,0.21
0.22,0.225
0.22,0.24
0.22,0.255
0.22,0.27
0.22,0.285
0.22,0.3
0.22,0.315
0.22,0.33
0.22,0.345
0.22,0.36
0.22,0.375
0.22,0.39
0.22,0.405
0.22,0.42
0.22,0.435
0.22,0.45
0.22,0.465
0.22,0.48
0.22,0.495
0.22,0.51
0.22,0.525
0.235,-0.51
0.235,-0.495
0.235,-0.48
0.235,-0.465
0.235,-0.45
0.235,-0.435
0.235,-0.42
0.235,-0.405
0.235,-0.39
0.235,-0.375
0.235,-0.36
0.235,-0.345
0.235,-0.33
0.235,-0.315
0.235,-0.3
0.235,-0.285
0.235,-0.27
0.235,-0.255
0.235,-0.24
0.235,-0.225
0.235,-0.21
0.235,-0.195
0.235,-0.18
0.235,-0.165
0.235,-0.15
0.235,-0.135
0.235,-0.12
0.235,-0.105
0.235,-0.09
0.235,-0.075
0.235,-0.06
0.235,-0.045
0.235,-0.03
0.235,-0.015
0.235,0
0.235,0.015
0.235,0.03
0.235,0.045
0.235,0.06
0.235,0.075
0.235,0.09
0.235,0.105
0.235,0.12
0.235,0.135
0.235,0.15
0.235,0.165
0.235,0.18
0.235,0.195
0.235,0.21
0.235,0.225
0.235,0.24
0.235,0.255
0.235,0.27
0.235,0.285
0.235,0.3
0.235,0.315
0.235,0.33
0.235,0.345
0.235,0.36
0.235,0.375
0.235,0.39
0.235,0.405
0.235,0.42
0.235,0.435
0.235,0.45
0.235,0.465
0.235,0.48
0.235,0.495
0.235,0.51
0.25,-0.555
0.25,-0.54
0.25,-0.525
0.25,-0.51
0.25,-0.495
0.25,-0.48
0.25,-0.465
0.25,-0.45
0.25,-0.435
0.25,-0.42
0.25,-0.405
0.25,-0.39
0.25,-0.375
0.25,-0.36
0.25,-0.345
0.25,-0.33
0.25,-0.315
0.25,-0.3
0.25,-0.285
0.25,-0.27
0.25,-0.255
0.25,-0.24
0.25,-0.225
0.25,-0.21
0.25,-0.195
0.25,-0.18
0.25,-0.165
0.25,-0.15
0.25,-0.135
0.25,-0.12
0.25,-0.105
0.25,-0.09
0.25,-0.075
0.25,-0.06
0.25,-0.045
0.25,-0.03
0.25,-0.015
0.25,0
0.25,0.015
0.25,0.03
0.25,0.045
0.25,0.06
0.25,0.075
0.25,0.09
0.25,0.105
0.25,0.12
0.25,0.135
0.25,0.15
0.25,0.165
0.25,0.18
0.25,0.195
0.25,0.21
0.25,0.225
0.25,0.24
0.25,0.255
0.25,0.27
0.25,0.285
0.25,0.3
0.25,0.315
0.25,0.33
0.25,0.345
0.25,0.36
0.25,0.375
0.25,0.39
0.25,0.405
0.25,0.42
0.25,0.435
0.25,0.45
0.25,0.465
0.25,0.48
0.25,0.495
0.25,0.51
0.25,0.525
0.25,0.54
0.25,0.555
0.265,-0.57
0.265,-0.555
0.265,-0.54
0.265,-0.525
0.265,-0.51
0.265,-0.495
0.265,-0.48
0.265,-0.465
0.265,-0.45
0.265,-0.435
0.265,-0.42
0.265,-0.405
0.265,-0.39
0.265,-0.375
0.265,-0.36
0.265,-0.345
0.265,-0.33
0.265,-0.315
0.265,-0.3
0.265,-0.285
0.265,-0.27
0.265,-0.255
0.265,-0.24
0.265,-0.225
0.265,-0.21
0.265,-0.195
0.265,-0.18
0.265,-0.165
0.265,-0.15
0.265,-0.135
0.265,-0.12
0.265,-0.105
0.265,-0.09
0.265,-0.075
0.265,-0.06
0.265,-0.045
0.265,-0.03
0.265,-0.015
0.265,0.015
0.265,0.03
0.265,0.045
0.265,0.06
0.265,0.075
0.265,0.09
0.265,0.105
0.265,0.12
0.265,0.135
0.265,0.15
0.265,0.165
0.265,0.18
0.265,0.195
0.265,0.21
0.265,0.225
0.265,0.24
0.265,0.255
0.265,0.27
0.265,0.285
0.265,0.3
0.265,0.315
0.265,0.33
0.265,0.345
0.265,0.36
0.265,0.375
0.265,0.39
0.265,0.405
0.265,0.42
0.265,0.435
0.265,0.45
0.265,0.465
0.265,0.48
0.265,0.495
0.265,0.51
0.265,0.525
0.265,0.54
0.265,0.555
0.265,0.57
0.28,-0.57
0.28,-0.555
0.28,-0.54
0.28,-0.525
0.28,-0.51
0.28,-0.495
0.28,-0.465
0.28,-0.45
0.28,-0.435
0.28,-0.42
0.28,-0.405
0.28,-0.39
0.28,-0.375
0.28,-0.36
0.28,-0.345
0.28,-0.33
0.28,-0.315
0.28,-0.3
0.28,-0.285
0.28,-0.27
0.28,-0.255
0.28,-0.24
0.28,-0.225
0.28,-0.21
0.28,-0.195
0.28,-0.18
0.28,-0.165
0.28,-0.15
0.28,-0.135
0.28,-0.12
0.28,-0.105
0.28,-0.09
0.28,-0.075
0.28,-0.06
0.28,-0.045
0.28,-0.03
0.28,-0.015
0.28,0.015
0.28,0.03
0.28,0.045
0.28,0.06
0.28,0.075
0.28,0.09
0.28,0.105
0.28,0.12
0.28,0.135
0.28,0.15
0.28,0.165
0.28,0.18
0.28,0.195
0.28,0.21
0.28,0.225
0.28,0.24
0.28,0.255
0.28,0.27
0.28,0.285
0.28,0.3
0.28,0.315
0.28,0.33
0.28,0.345
0.28,0.36
0.28,0.375
0.28,0.39
0.28,0.405
0.28,0.42
0.28,0.435
0.28,0.45
0.28,0.465
0.28,0.495
0.28,0.51
0.28,0.525
0.28,0.54
0.28,0.555
0.28,0.57
0.295,-0.57
0.295,-0.555
0.295,-0.54
0.295,-0.525
0.295,-0.51
0.295,-0.495
0.295,-0.435
0.295,-0.42
0.295,-0.405
0.295,-0.39
0.295,-0.375
0.295,-0.36
0.295,-0.345
0.295,-0.33
0.295,-0.315
0.295,-0.3
0.295,-0.285
0.295,-0.27
0.295,-0.255
0.295,-0.24
0.295,-0.225
0.295,-0.21
0.295,-0.195
0.295,-0.18
0.295,-0.165
0.295,-0.15
0.295,-0.135
0.295,-0.12
0.295,-0.105
0.295,-0.09
0.295,-0.075
0.295,-0.06
0.295,-0.045
0.295,-0.03
0.295,0.03
0.295,0.045
0.295,0.06
0.295,0.075
0.295,0.09
0.295,0.105
0.295,0.12
0.295,0.135
0.295,0.15
0.295,0.165
0.295,0.18
0.295,0.195
0.295,0.21
0.295,0.225
0.295,0.24
0.295,0.255
0.295,0.27
0.295,0.285
0.295,0.3
0.295,0.315
0.295,0.33
0.295,0.345
0.295,0.36
0.295,0.375
0.295,0.39
0.295,0.405
0.295,0.42
0.295,0.435
0.295,0.495
0.295,0.51
0.295,0.525
0.295,0.54
0.295,0.555
0.295,0.57
0.31,-0.555
0.31,-0.54
0.31,-0.525
0.31,-0.51
0.31,-0.495
0.31,-0.42
0.31,-0.405
0.31,-0.39
0.31,-0.375
0.31,-0.36
0.31,-0.345
0.31,-0.33
0.31,-0.315
0.31,-0.3
0.31,-0.285
0.31,-0.27
0.31,-0.255
0.31,-0.24
0.31,-0.225
0.31,-0.21
0.31,-0.195
0.31,-0.18
0.31,-0.165
0.31,-0.15
0.31,-0.135
0.31,-0.12
0.31,-0.105
0.31,-0.09
0.31,-0.075
0.31,-0.06
0.31,-0.045
0.31,0.045
0.31,0.06
0.31,0.075
0.31,0.09
0.31,0.105
0.31,0.12
0.31,0.135
0.31,0.15
0.31,0.165
0.31,0.18
0.31,0.195
0.31,0.21
0.31,0.225
0.31,0.24
0.31,0.255
0.31,0.27
0.31,0.285
0.31,0.3
0.31,0.315
0.31,0.33
0.31,0.345
0.31,0.36
0.31,0.375
0.31,0.39
0.31,0.405
0.31,0.42
0.31,0.495
0.31,0.51
0.31,0.525
0.31,0.54
0.31,0.555
0.325,-0.57
0.325,-0.555
0.325,-0.54
0.325,-0.51
0.325,-0.405
0.325,-0.39
0.325,-0.375
0.325,-0.36
0.325,-0.345
0.325,-0.33
0.325,-0.315
0.325,-0.3
0.325,-0.285
0.325,-0.27
0.325,-0.255
0.325,-0.24
0.325,-0.225
0.325,-0.21
0.325,-0.195
0.325,-0.18
0.325,-0.165
0.325,-0.15
0.325,-0.135
0.325,-0.12
0.325,-0.105
0.325,-0.09
0.325,-0.075
0.325,-0.06
0.325,0.06
0.325,0.075
0.325,0.09
0.325,0.105
0.325,0.12
0.325,0.135
0.325,0.15
0.325,0.165
0.325,0.18
0.325,0.195
0.325,0.21
0.325,0.225
0.325,0.24
0.325,0.255
0.325,0.27
0.325,0.285
0.325,0.3
0.325,0.315
0.325,0.33
0.325,0.345
0.325,0.36
0.325,0.375
0.325,0.39
0.325,0.405
0.325,0.51
0.325,0.54
0.325,0.555
0.325,0.57
0.34,-0.36
0.34,-0.345
0.34,-0.33
0.34,-0.315
0.34,-0.3
0.34,-0.285
0.34,-0.27
0.34,-0.255
0.34,-0.24
0.34,-0.225
0.34,-0.21
0.34,-0.195
0.34,-0.18
0.34,-0.165
0.34,-0.15
0.34,-0.135
0.34,-0.12
0.34,-0.105
0.34,-0.09
0.34,-0.075
0.34,0.075
0.34,0.09
0.34,0.105
0.34,0.12
0.34,0.135
0.34,0.15
0.34,0.165
0.34,0.18
0.34,0.195
0.34,0.21
0.34,0.225
0.34,0.24
0.34,0.255
0.34,0.27
0.34,0.285
0.34,0.3
0.34,0.315
0.34,0.33
0.34,0.345
0.34,0.36
0.355,-0.33
0.355,-0.315
0.355,-0.3
0.355,-0.285
0.355,-0.27
0.355,-0.255
0.355,-0.24
0.355,-0.225
0.355,-0.21
0.355,-0.195
0.355,-0.18
0.355,-0.165
0.355,-0.15
0.355,-0.135
0.355,-0.12
0.355,-0.105
0.355,0.105
0.355,0.12
0.355,0.135
0.355,0.15
0.355,0.165
0.355,0.18
0.355,0.195
0.355,0.21
0.355,0.225
0.355,0.24
0.355,0.255
0.355,0.27
0.355,0.285
0.355,0.3
0.355,0.315
0.355,0.33
0.37,-0.345
0.37,-0.33
0.37,-0.315
0.37,-0.285
0.37,-0.27
0.37,-0.255
0.37,-0.24
0.37,-0.225
0.37,-0.21
0.37,-0.195
0.37,-0.18
0.37,-0.165
0.37,-0.15
0.37,0.15
0.37,0.165
0.37,0.18
0.37,0.195
0.37,0.21
0.37,0.225
0.37,0.24
0.37,0.255
0.37,0.27
0.37,0.285
0.37,0.315
0.37,0.33
0.37,0.345
0.385,-0.345
0.385,-0.33
0.385,-0.315
0.385,-0.225
0.385,-0.21
0.385,0.21
0.385,0.225
0.385,0.315
0.385,0.33
0.385,0.345
0.4,-0.345
0.4,-0.33
0.4,-0.225
0.4,-0.21
0.4,0.21
0.4,0.225
0.4,0.33
0.4,0.345
